CREATE TABLE IF NOT EXISTS "address_address" ("id" integer NOT NULL PRIMARY KEY AUTOINCREMENT, "name" varchar(255) NOT NULL, "city" varchar(255) NOT NULL, "street" varchar(255) NOT NULL, "country_id" integer NOT NULL REFERENCES "address_country" ("id") DEFERRABLE INITIALLY DEFERRED);
CREATE INDEX IF NOT EXISTS "address_address_country_id_cc79e617" ON "address_address" ("country_id");
CREATE UNIQUE INDEX "auth_group_permissions_group_id_permission_id_0cd325b0_uniq" ON "auth_group_permissions" ("group_id", "permission_id");
CREATE INDEX IF NOT EXISTS "auth_group_permissions_group_id_b120cbf9" ON "auth_group_permissions" ("group_id");
CREATE INDEX IF NOT EXISTS "auth_group_permissions_permission_id_84c5c92e" ON "auth_group_permissions" ("permission_id");
CREATE UNIQUE INDEX "auth_user_groups_user_id_group_id_94350c0c_uniq" ON "auth_user_groups" ("user_id", "group_id");
CREATE INDEX IF NOT EXISTS "auth_user_groups_user_id_6a12ed8b" ON "auth_user_groups" ("user_id");
CREATE INDEX IF NOT EXISTS "auth_user_groups_group_id_97559544" ON "auth_user_groups" ("group_id");
CREATE UNIQUE INDEX "auth_user_user_permissions_user_id_permission_id_14a6b632_uniq" ON "auth_user_user_permissions" ("user_id", "permission_id");
CREATE INDEX IF NOT EXISTS "auth_user_user_permissions_user_id_a95ead1b" ON "auth_user_user_permissions" ("user_id");
CREATE INDEX IF NOT EXISTS "auth_user_user_permissions_permission_id_1fbb5f2c" ON "auth_user_user_permissions" ("permission_id");
CREATE INDEX IF NOT EXISTS "django_admin_log_content_type_id_c4bce8eb" ON "django_admin_log" ("content_type_id");
CREATE INDEX IF NOT EXISTS "django_admin_log_user_id_c564eba6" ON "django_admin_log" ("user_id");
CREATE UNIQUE INDEX "django_content_type_app_label_model_76bd3d3b_uniq" ON "django_content_type" ("app_label", "model");
CREATE UNIQUE INDEX "auth_permission_content_type_id_codename_01ab375a_uniq" ON "auth_permission" ("content_type_id", "codename");
CREATE INDEX IF NOT EXISTS "auth_permission_content_type_id_2f476e4b" ON "auth_permission" ("content_type_id");
CREATE INDEX IF NOT EXISTS "skill_skill_category_id_0284a83d" ON "skill_skill" ("category_id");
CREATE INDEX IF NOT EXISTS "developer_developerskill_developer_id_857ae723" ON "developer_developerskill" ("developer_id");
CREATE INDEX IF NOT EXISTS "developer_developerskill_level_id_57dbe2f0" ON "developer_developerskill" ("level_id");
CREATE INDEX IF NOT EXISTS "developer_developerskill_skill_id_b7a718d8" ON "developer_developerskill" ("skill_id");
CREATE UNIQUE INDEX "developer_developer_languages_developer_id_language_id_abd27480_uniq" ON "developer_developer_languages" ("developer_id", "language_id");
CREATE INDEX IF NOT EXISTS "developer_developer_languages_developer_id_8743f2d7" ON "developer_developer_languages" ("developer_id");
CREATE INDEX IF NOT EXISTS "developer_developer_languages_language_id_df7d2c35" ON "developer_developer_languages" ("language_id");
CREATE INDEX IF NOT EXISTS "formation_project_formation_id_5db9765f" ON "formation_project" ("formation_id");
CREATE UNIQUE INDEX "formation_project_developers_project_id_developer_id_78da034e_uniq" ON "formation_project_developers" ("project_id", "developer_id");
CREATE INDEX IF NOT EXISTS "formation_project_developers_project_id_ca31a149" ON "formation_project_developers" ("project_id");
CREATE INDEX IF NOT EXISTS "formation_project_developers_developer_id_bfbd3053" ON "formation_project_developers" ("developer_id");
CREATE INDEX IF NOT EXISTS "formation_projectinvoice_project_id_b55366e1" ON "formation_projectinvoice" ("project_id");
CREATE UNIQUE INDEX "formation_project_invoices_project_id_projectinvoice_id_e443a7ba_uniq" ON "formation_project_invoices" ("project_id", "projectinvoice_id");
CREATE INDEX IF NOT EXISTS "formation_project_invoices_project_id_083c211a" ON "formation_project_invoices" ("project_id");
CREATE INDEX IF NOT EXISTS "formation_project_invoices_projectinvoice_id_b98be4b5" ON "formation_project_invoices" ("projectinvoice_id");
CREATE INDEX IF NOT EXISTS "formation_project_status_id_7aa4dd23" ON "formation_project" ("status_id");
CREATE INDEX IF NOT EXISTS "formation_partner_contact_id_a0a731ae" ON "formation_partner" ("contact_id");
CREATE INDEX IF NOT EXISTS "formation_formationslide_formation_id_14b30858" ON "formation_formationslide" ("formation_id");
CREATE INDEX IF NOT EXISTS "formation_formation_duration_id_ccf1c714" ON "formation_formation" ("duration_id");
CREATE INDEX IF NOT EXISTS "django_session_expire_date_a5c62663" ON "django_session" ("expire_date");
CREATE INDEX IF NOT EXISTS "developer_developer_country_id_29beb66b" ON "developer_developer" ("country_id");
CREATE INDEX IF NOT EXISTS "developer_developer_status_id_5033c081" ON "developer_developer" ("status_id");
CREATE INDEX IF NOT EXISTS "django_cron_cronjoblog_code_48865653" ON "django_cron_cronjoblog" ("code");
CREATE INDEX IF NOT EXISTS "django_cron_cronjoblog_start_time_d68c0dd9" ON "django_cron_cronjoblog" ("start_time");
CREATE INDEX IF NOT EXISTS "django_cron_cronjoblog_end_time_7918602a" ON "django_cron_cronjoblog" ("end_time");
CREATE INDEX IF NOT EXISTS "django_cron_cronjoblog_ran_at_time_7fed2751" ON "django_cron_cronjoblog" ("ran_at_time");
CREATE INDEX IF NOT EXISTS "django_cron_cronjoblog_code_start_time_ran_at_time_8b50b8fa_idx" ON "django_cron_cronjoblog" ("code", "start_time", "ran_at_time");
CREATE INDEX IF NOT EXISTS "django_cron_cronjoblog_code_is_success_ran_at_time_84da9606_idx" ON "django_cron_cronjoblog" ("code", "is_success", "ran_at_time");
CREATE INDEX IF NOT EXISTS "django_cron_cronjoblog_code_start_time_4fc78f9d_idx" ON "django_cron_cronjoblog" ("code", "start_time");
CREATE INDEX IF NOT EXISTS "developer_experience_developer_id_a7a9a055" ON "developer_experience" ("developer_id");
CREATE TABLE IF NOT EXISTS "address_country" ("id" integer NOT NULL PRIMARY KEY AUTOINCREMENT, "name" varchar(255) NOT NULL UNIQUE, "code" varchar(255) NOT NULL UNIQUE);
INSERT INTO "address_country" VALUES(1,'Sénégal','221');
INSERT INTO "address_country" VALUES(2,'Côte d''Ivoire','225');
INSERT INTO "address_country" VALUES(3,'Italie','2220');
CREATE INDEX IF NOT EXISTS "address_address_country_id_cc79e617" ON "address_address" ("country_id");
CREATE UNIQUE INDEX "auth_group_permissions_group_id_permission_id_0cd325b0_uniq" ON "auth_group_permissions" ("group_id", "permission_id");
CREATE INDEX IF NOT EXISTS "auth_group_permissions_group_id_b120cbf9" ON "auth_group_permissions" ("group_id");
CREATE INDEX IF NOT EXISTS "auth_group_permissions_permission_id_84c5c92e" ON "auth_group_permissions" ("permission_id");
CREATE UNIQUE INDEX "auth_user_groups_user_id_group_id_94350c0c_uniq" ON "auth_user_groups" ("user_id", "group_id");
CREATE INDEX IF NOT EXISTS "auth_user_groups_user_id_6a12ed8b" ON "auth_user_groups" ("user_id");
CREATE INDEX IF NOT EXISTS "auth_user_groups_group_id_97559544" ON "auth_user_groups" ("group_id");
CREATE UNIQUE INDEX "auth_user_user_permissions_user_id_permission_id_14a6b632_uniq" ON "auth_user_user_permissions" ("user_id", "permission_id");
CREATE INDEX IF NOT EXISTS "auth_user_user_permissions_user_id_a95ead1b" ON "auth_user_user_permissions" ("user_id");
CREATE INDEX IF NOT EXISTS "auth_user_user_permissions_permission_id_1fbb5f2c" ON "auth_user_user_permissions" ("permission_id");
CREATE INDEX IF NOT EXISTS "django_admin_log_content_type_id_c4bce8eb" ON "django_admin_log" ("content_type_id");
CREATE INDEX IF NOT EXISTS "django_admin_log_user_id_c564eba6" ON "django_admin_log" ("user_id");
CREATE UNIQUE INDEX "django_content_type_app_label_model_76bd3d3b_uniq" ON "django_content_type" ("app_label", "model");
CREATE UNIQUE INDEX "auth_permission_content_type_id_codename_01ab375a_uniq" ON "auth_permission" ("content_type_id", "codename");
CREATE INDEX IF NOT EXISTS "auth_permission_content_type_id_2f476e4b" ON "auth_permission" ("content_type_id");
CREATE INDEX IF NOT EXISTS "skill_skill_category_id_0284a83d" ON "skill_skill" ("category_id");
CREATE INDEX IF NOT EXISTS "developer_developerskill_developer_id_857ae723" ON "developer_developerskill" ("developer_id");
CREATE INDEX IF NOT EXISTS "developer_developerskill_level_id_57dbe2f0" ON "developer_developerskill" ("level_id");
CREATE INDEX IF NOT EXISTS "developer_developerskill_skill_id_b7a718d8" ON "developer_developerskill" ("skill_id");
CREATE UNIQUE INDEX "developer_developer_languages_developer_id_language_id_abd27480_uniq" ON "developer_developer_languages" ("developer_id", "language_id");
CREATE INDEX IF NOT EXISTS "developer_developer_languages_developer_id_8743f2d7" ON "developer_developer_languages" ("developer_id");
CREATE INDEX IF NOT EXISTS "developer_developer_languages_language_id_df7d2c35" ON "developer_developer_languages" ("language_id");
CREATE INDEX IF NOT EXISTS "formation_project_formation_id_5db9765f" ON "formation_project" ("formation_id");
CREATE UNIQUE INDEX "formation_project_developers_project_id_developer_id_78da034e_uniq" ON "formation_project_developers" ("project_id", "developer_id");
CREATE INDEX IF NOT EXISTS "formation_project_developers_project_id_ca31a149" ON "formation_project_developers" ("project_id");
CREATE INDEX IF NOT EXISTS "formation_project_developers_developer_id_bfbd3053" ON "formation_project_developers" ("developer_id");
CREATE INDEX IF NOT EXISTS "formation_projectinvoice_project_id_b55366e1" ON "formation_projectinvoice" ("project_id");
CREATE UNIQUE INDEX "formation_project_invoices_project_id_projectinvoice_id_e443a7ba_uniq" ON "formation_project_invoices" ("project_id", "projectinvoice_id");
CREATE INDEX IF NOT EXISTS "formation_project_invoices_project_id_083c211a" ON "formation_project_invoices" ("project_id");
CREATE INDEX IF NOT EXISTS "formation_project_invoices_projectinvoice_id_b98be4b5" ON "formation_project_invoices" ("projectinvoice_id");
CREATE INDEX IF NOT EXISTS "formation_project_status_id_7aa4dd23" ON "formation_project" ("status_id");
CREATE INDEX IF NOT EXISTS "formation_partner_contact_id_a0a731ae" ON "formation_partner" ("contact_id");
CREATE INDEX IF NOT EXISTS "formation_formationslide_formation_id_14b30858" ON "formation_formationslide" ("formation_id");
CREATE INDEX IF NOT EXISTS "formation_formation_duration_id_ccf1c714" ON "formation_formation" ("duration_id");
CREATE INDEX IF NOT EXISTS "django_session_expire_date_a5c62663" ON "django_session" ("expire_date");
CREATE INDEX IF NOT EXISTS "developer_developer_country_id_29beb66b" ON "developer_developer" ("country_id");
CREATE INDEX IF NOT EXISTS "developer_developer_status_id_5033c081" ON "developer_developer" ("status_id");
CREATE INDEX IF NOT EXISTS "django_cron_cronjoblog_code_48865653" ON "django_cron_cronjoblog" ("code");
CREATE INDEX IF NOT EXISTS "django_cron_cronjoblog_start_time_d68c0dd9" ON "django_cron_cronjoblog" ("start_time");
CREATE INDEX IF NOT EXISTS "django_cron_cronjoblog_end_time_7918602a" ON "django_cron_cronjoblog" ("end_time");
CREATE INDEX IF NOT EXISTS "django_cron_cronjoblog_ran_at_time_7fed2751" ON "django_cron_cronjoblog" ("ran_at_time");
CREATE INDEX IF NOT EXISTS "django_cron_cronjoblog_code_start_time_ran_at_time_8b50b8fa_idx" ON "django_cron_cronjoblog" ("code", "start_time", "ran_at_time");
CREATE INDEX IF NOT EXISTS "django_cron_cronjoblog_code_is_success_ran_at_time_84da9606_idx" ON "django_cron_cronjoblog" ("code", "is_success", "ran_at_time");
CREATE INDEX IF NOT EXISTS "django_cron_cronjoblog_code_start_time_4fc78f9d_idx" ON "django_cron_cronjoblog" ("code", "start_time");
CREATE INDEX IF NOT EXISTS "developer_experience_developer_id_a7a9a055" ON "developer_experience" ("developer_id");
CREATE TABLE IF NOT EXISTS "admin_interface_theme" ("id" integer NOT NULL PRIMARY KEY AUTOINCREMENT, "name" varchar(50) NOT NULL UNIQUE, "active" bool NOT NULL, "title" varchar(50) NOT NULL, "title_visible" bool NOT NULL, "logo" varchar(100) NOT NULL, "logo_visible" bool NOT NULL, "css_header_background_color" varchar(10) NOT NULL, "css_header_text_color" varchar(10) NOT NULL, "css_header_link_color" varchar(10) NOT NULL, "css_header_link_hover_color" varchar(10) NOT NULL, "css_module_background_color" varchar(10) NOT NULL, "css_module_text_color" varchar(10) NOT NULL, "css_module_link_color" varchar(10) NOT NULL, "css_module_link_hover_color" varchar(10) NOT NULL, "css_module_rounded_corners" bool NOT NULL, "css_generic_link_color" varchar(10) NOT NULL, "css_generic_link_hover_color" varchar(10) NOT NULL, "css_save_button_background_color" varchar(10) NOT NULL, "css_save_button_background_hover_color" varchar(10) NOT NULL, "css_save_button_text_color" varchar(10) NOT NULL, "css_delete_button_background_color" varchar(10) NOT NULL, "css_delete_button_background_hover_color" varchar(10) NOT NULL, "css_delete_button_text_color" varchar(10) NOT NULL, "list_filter_dropdown" bool NOT NULL, "related_modal_active" bool NOT NULL, "related_modal_background_color" varchar(10) NOT NULL, "related_modal_rounded_corners" bool NOT NULL, "logo_color" varchar(10) NOT NULL, "title_color" varchar(10) NOT NULL, "recent_actions_visible" bool NOT NULL, "favicon" varchar(100) NOT NULL, "related_modal_background_opacity" varchar(5) NOT NULL, "env_name" varchar(50) NOT NULL, "env_color" varchar(10) NOT NULL, "env_visible_in_header" bool NOT NULL, "env_visible_in_favicon" bool NOT NULL, "related_modal_close_button_visible" bool NOT NULL, "language_chooser_active" bool NOT NULL, "language_chooser_display" varchar(10) NOT NULL, "list_filter_sticky" bool NOT NULL, "form_pagination_sticky" bool NOT NULL, "form_submit_sticky" bool NOT NULL, "css_module_background_selected_color" varchar(10) NOT NULL, "css_module_link_selected_color" varchar(10) NOT NULL, "logo_max_height" smallint unsigned NOT NULL CHECK ("logo_max_height" >= 0), "logo_max_width" smallint unsigned NOT NULL CHECK ("logo_max_width" >= 0), "foldable_apps" bool NOT NULL, "language_chooser_control" varchar(20) NOT NULL, "list_filter_highlight" bool NOT NULL, "list_filter_removal_links" bool NOT NULL, "show_fieldsets_as_tabs" bool NOT NULL, "show_inlines_as_tabs" bool NOT NULL, "css_generic_link_active_color" varchar(10) NOT NULL, "collapsible_stacked_inlines" bool NOT NULL, "collapsible_stacked_inlines_collapsed" bool NOT NULL, "collapsible_tabular_inlines" bool NOT NULL, "collapsible_tabular_inlines_collapsed" bool NOT NULL);
INSERT INTO "admin_interface_theme" VALUES(1,'Ultra',1,'Administration Ultra',1,'',1,'#0C4B33','#44B78B','#FFFFFF','#C9F0DD','#44B78B','#FFFFFF','#FFFFFF','#C9F0DD',1,'#0C3C26','#156641','#0C4B33','#0C3C26','#FFFFFF','#BA2121','#A41515','#FFFFFF',1,1,'#000000',1,'#FFFFFF','#F5DD5D',1,'','0.3','','#E74C3C',1,1,1,1,'code',1,1,1,'#FFFFCC','#FFFFFF',100,400,1,'default-select',1,0,0,0,'#29B864',1,1,1,1);
CREATE INDEX IF NOT EXISTS "address_address_country_id_cc79e617" ON "address_address" ("country_id");
CREATE UNIQUE INDEX "auth_group_permissions_group_id_permission_id_0cd325b0_uniq" ON "auth_group_permissions" ("group_id", "permission_id");
CREATE INDEX IF NOT EXISTS "auth_group_permissions_group_id_b120cbf9" ON "auth_group_permissions" ("group_id");
CREATE INDEX IF NOT EXISTS "auth_group_permissions_permission_id_84c5c92e" ON "auth_group_permissions" ("permission_id");
CREATE UNIQUE INDEX "auth_user_groups_user_id_group_id_94350c0c_uniq" ON "auth_user_groups" ("user_id", "group_id");
CREATE INDEX IF NOT EXISTS "auth_user_groups_user_id_6a12ed8b" ON "auth_user_groups" ("user_id");
CREATE INDEX IF NOT EXISTS "auth_user_groups_group_id_97559544" ON "auth_user_groups" ("group_id");
CREATE UNIQUE INDEX "auth_user_user_permissions_user_id_permission_id_14a6b632_uniq" ON "auth_user_user_permissions" ("user_id", "permission_id");
CREATE INDEX IF NOT EXISTS "auth_user_user_permissions_user_id_a95ead1b" ON "auth_user_user_permissions" ("user_id");
CREATE INDEX IF NOT EXISTS "auth_user_user_permissions_permission_id_1fbb5f2c" ON "auth_user_user_permissions" ("permission_id");
CREATE INDEX IF NOT EXISTS "django_admin_log_content_type_id_c4bce8eb" ON "django_admin_log" ("content_type_id");
CREATE INDEX IF NOT EXISTS "django_admin_log_user_id_c564eba6" ON "django_admin_log" ("user_id");
CREATE UNIQUE INDEX "django_content_type_app_label_model_76bd3d3b_uniq" ON "django_content_type" ("app_label", "model");
CREATE UNIQUE INDEX "auth_permission_content_type_id_codename_01ab375a_uniq" ON "auth_permission" ("content_type_id", "codename");
CREATE INDEX IF NOT EXISTS "auth_permission_content_type_id_2f476e4b" ON "auth_permission" ("content_type_id");
CREATE INDEX IF NOT EXISTS "skill_skill_category_id_0284a83d" ON "skill_skill" ("category_id");
CREATE INDEX IF NOT EXISTS "developer_developerskill_developer_id_857ae723" ON "developer_developerskill" ("developer_id");
CREATE INDEX IF NOT EXISTS "developer_developerskill_level_id_57dbe2f0" ON "developer_developerskill" ("level_id");
CREATE INDEX IF NOT EXISTS "developer_developerskill_skill_id_b7a718d8" ON "developer_developerskill" ("skill_id");
CREATE UNIQUE INDEX "developer_developer_languages_developer_id_language_id_abd27480_uniq" ON "developer_developer_languages" ("developer_id", "language_id");
CREATE INDEX IF NOT EXISTS "developer_developer_languages_developer_id_8743f2d7" ON "developer_developer_languages" ("developer_id");
CREATE INDEX IF NOT EXISTS "developer_developer_languages_language_id_df7d2c35" ON "developer_developer_languages" ("language_id");
CREATE INDEX IF NOT EXISTS "formation_project_formation_id_5db9765f" ON "formation_project" ("formation_id");
CREATE UNIQUE INDEX "formation_project_developers_project_id_developer_id_78da034e_uniq" ON "formation_project_developers" ("project_id", "developer_id");
CREATE INDEX IF NOT EXISTS "formation_project_developers_project_id_ca31a149" ON "formation_project_developers" ("project_id");
CREATE INDEX IF NOT EXISTS "formation_project_developers_developer_id_bfbd3053" ON "formation_project_developers" ("developer_id");
CREATE INDEX IF NOT EXISTS "formation_projectinvoice_project_id_b55366e1" ON "formation_projectinvoice" ("project_id");
CREATE UNIQUE INDEX "formation_project_invoices_project_id_projectinvoice_id_e443a7ba_uniq" ON "formation_project_invoices" ("project_id", "projectinvoice_id");
CREATE INDEX IF NOT EXISTS "formation_project_invoices_project_id_083c211a" ON "formation_project_invoices" ("project_id");
CREATE INDEX IF NOT EXISTS "formation_project_invoices_projectinvoice_id_b98be4b5" ON "formation_project_invoices" ("projectinvoice_id");
CREATE INDEX IF NOT EXISTS "formation_project_status_id_7aa4dd23" ON "formation_project" ("status_id");
CREATE INDEX IF NOT EXISTS "formation_partner_contact_id_a0a731ae" ON "formation_partner" ("contact_id");
CREATE INDEX IF NOT EXISTS "formation_formationslide_formation_id_14b30858" ON "formation_formationslide" ("formation_id");
CREATE INDEX IF NOT EXISTS "formation_formation_duration_id_ccf1c714" ON "formation_formation" ("duration_id");
CREATE INDEX IF NOT EXISTS "django_session_expire_date_a5c62663" ON "django_session" ("expire_date");
CREATE INDEX IF NOT EXISTS "developer_developer_country_id_29beb66b" ON "developer_developer" ("country_id");
CREATE INDEX IF NOT EXISTS "developer_developer_status_id_5033c081" ON "developer_developer" ("status_id");
CREATE INDEX IF NOT EXISTS "django_cron_cronjoblog_code_48865653" ON "django_cron_cronjoblog" ("code");
CREATE INDEX IF NOT EXISTS "django_cron_cronjoblog_start_time_d68c0dd9" ON "django_cron_cronjoblog" ("start_time");
CREATE INDEX IF NOT EXISTS "django_cron_cronjoblog_end_time_7918602a" ON "django_cron_cronjoblog" ("end_time");
CREATE INDEX IF NOT EXISTS "django_cron_cronjoblog_ran_at_time_7fed2751" ON "django_cron_cronjoblog" ("ran_at_time");
CREATE INDEX IF NOT EXISTS "django_cron_cronjoblog_code_start_time_ran_at_time_8b50b8fa_idx" ON "django_cron_cronjoblog" ("code", "start_time", "ran_at_time");
CREATE INDEX IF NOT EXISTS "django_cron_cronjoblog_code_is_success_ran_at_time_84da9606_idx" ON "django_cron_cronjoblog" ("code", "is_success", "ran_at_time");
CREATE INDEX IF NOT EXISTS "django_cron_cronjoblog_code_start_time_4fc78f9d_idx" ON "django_cron_cronjoblog" ("code", "start_time");
CREATE INDEX IF NOT EXISTS "developer_experience_developer_id_a7a9a055" ON "developer_experience" ("developer_id");
CREATE TABLE IF NOT EXISTS "auth_group" ("id" integer NOT NULL PRIMARY KEY AUTOINCREMENT, "name" varchar(150) NOT NULL UNIQUE);
CREATE INDEX IF NOT EXISTS "address_address_country_id_cc79e617" ON "address_address" ("country_id");
CREATE UNIQUE INDEX "auth_group_permissions_group_id_permission_id_0cd325b0_uniq" ON "auth_group_permissions" ("group_id", "permission_id");
CREATE INDEX IF NOT EXISTS "auth_group_permissions_group_id_b120cbf9" ON "auth_group_permissions" ("group_id");
CREATE INDEX IF NOT EXISTS "auth_group_permissions_permission_id_84c5c92e" ON "auth_group_permissions" ("permission_id");
CREATE UNIQUE INDEX "auth_user_groups_user_id_group_id_94350c0c_uniq" ON "auth_user_groups" ("user_id", "group_id");
CREATE INDEX IF NOT EXISTS "auth_user_groups_user_id_6a12ed8b" ON "auth_user_groups" ("user_id");
CREATE INDEX IF NOT EXISTS "auth_user_groups_group_id_97559544" ON "auth_user_groups" ("group_id");
CREATE UNIQUE INDEX "auth_user_user_permissions_user_id_permission_id_14a6b632_uniq" ON "auth_user_user_permissions" ("user_id", "permission_id");
CREATE INDEX IF NOT EXISTS "auth_user_user_permissions_user_id_a95ead1b" ON "auth_user_user_permissions" ("user_id");
CREATE INDEX IF NOT EXISTS "auth_user_user_permissions_permission_id_1fbb5f2c" ON "auth_user_user_permissions" ("permission_id");
CREATE INDEX IF NOT EXISTS "django_admin_log_content_type_id_c4bce8eb" ON "django_admin_log" ("content_type_id");
CREATE INDEX IF NOT EXISTS "django_admin_log_user_id_c564eba6" ON "django_admin_log" ("user_id");
CREATE UNIQUE INDEX "django_content_type_app_label_model_76bd3d3b_uniq" ON "django_content_type" ("app_label", "model");
CREATE UNIQUE INDEX "auth_permission_content_type_id_codename_01ab375a_uniq" ON "auth_permission" ("content_type_id", "codename");
CREATE INDEX IF NOT EXISTS "auth_permission_content_type_id_2f476e4b" ON "auth_permission" ("content_type_id");
CREATE INDEX IF NOT EXISTS "skill_skill_category_id_0284a83d" ON "skill_skill" ("category_id");
CREATE INDEX IF NOT EXISTS "developer_developerskill_developer_id_857ae723" ON "developer_developerskill" ("developer_id");
CREATE INDEX IF NOT EXISTS "developer_developerskill_level_id_57dbe2f0" ON "developer_developerskill" ("level_id");
CREATE INDEX IF NOT EXISTS "developer_developerskill_skill_id_b7a718d8" ON "developer_developerskill" ("skill_id");
CREATE UNIQUE INDEX "developer_developer_languages_developer_id_language_id_abd27480_uniq" ON "developer_developer_languages" ("developer_id", "language_id");
CREATE INDEX IF NOT EXISTS "developer_developer_languages_developer_id_8743f2d7" ON "developer_developer_languages" ("developer_id");
CREATE INDEX IF NOT EXISTS "developer_developer_languages_language_id_df7d2c35" ON "developer_developer_languages" ("language_id");
CREATE INDEX IF NOT EXISTS "formation_project_formation_id_5db9765f" ON "formation_project" ("formation_id");
CREATE UNIQUE INDEX "formation_project_developers_project_id_developer_id_78da034e_uniq" ON "formation_project_developers" ("project_id", "developer_id");
CREATE INDEX IF NOT EXISTS "formation_project_developers_project_id_ca31a149" ON "formation_project_developers" ("project_id");
CREATE INDEX IF NOT EXISTS "formation_project_developers_developer_id_bfbd3053" ON "formation_project_developers" ("developer_id");
CREATE INDEX IF NOT EXISTS "formation_projectinvoice_project_id_b55366e1" ON "formation_projectinvoice" ("project_id");
CREATE UNIQUE INDEX "formation_project_invoices_project_id_projectinvoice_id_e443a7ba_uniq" ON "formation_project_invoices" ("project_id", "projectinvoice_id");
CREATE INDEX IF NOT EXISTS "formation_project_invoices_project_id_083c211a" ON "formation_project_invoices" ("project_id");
CREATE INDEX IF NOT EXISTS "formation_project_invoices_projectinvoice_id_b98be4b5" ON "formation_project_invoices" ("projectinvoice_id");
CREATE INDEX IF NOT EXISTS "formation_project_status_id_7aa4dd23" ON "formation_project" ("status_id");
CREATE INDEX IF NOT EXISTS "formation_partner_contact_id_a0a731ae" ON "formation_partner" ("contact_id");
CREATE INDEX IF NOT EXISTS "formation_formationslide_formation_id_14b30858" ON "formation_formationslide" ("formation_id");
CREATE INDEX IF NOT EXISTS "formation_formation_duration_id_ccf1c714" ON "formation_formation" ("duration_id");
CREATE INDEX IF NOT EXISTS "django_session_expire_date_a5c62663" ON "django_session" ("expire_date");
CREATE INDEX IF NOT EXISTS "developer_developer_country_id_29beb66b" ON "developer_developer" ("country_id");
CREATE INDEX IF NOT EXISTS "developer_developer_status_id_5033c081" ON "developer_developer" ("status_id");
CREATE INDEX IF NOT EXISTS "django_cron_cronjoblog_code_48865653" ON "django_cron_cronjoblog" ("code");
CREATE INDEX IF NOT EXISTS "django_cron_cronjoblog_start_time_d68c0dd9" ON "django_cron_cronjoblog" ("start_time");
CREATE INDEX IF NOT EXISTS "django_cron_cronjoblog_end_time_7918602a" ON "django_cron_cronjoblog" ("end_time");
CREATE INDEX IF NOT EXISTS "django_cron_cronjoblog_ran_at_time_7fed2751" ON "django_cron_cronjoblog" ("ran_at_time");
CREATE INDEX IF NOT EXISTS "django_cron_cronjoblog_code_start_time_ran_at_time_8b50b8fa_idx" ON "django_cron_cronjoblog" ("code", "start_time", "ran_at_time");
CREATE INDEX IF NOT EXISTS "django_cron_cronjoblog_code_is_success_ran_at_time_84da9606_idx" ON "django_cron_cronjoblog" ("code", "is_success", "ran_at_time");
CREATE INDEX IF NOT EXISTS "django_cron_cronjoblog_code_start_time_4fc78f9d_idx" ON "django_cron_cronjoblog" ("code", "start_time");
CREATE INDEX IF NOT EXISTS "developer_experience_developer_id_a7a9a055" ON "developer_experience" ("developer_id");
CREATE TABLE IF NOT EXISTS "auth_group_permissions" ("id" integer NOT NULL PRIMARY KEY AUTOINCREMENT, "group_id" integer NOT NULL REFERENCES "auth_group" ("id") DEFERRABLE INITIALLY DEFERRED, "permission_id" integer NOT NULL REFERENCES "auth_permission" ("id") DEFERRABLE INITIALLY DEFERRED);
CREATE INDEX IF NOT EXISTS "address_address_country_id_cc79e617" ON "address_address" ("country_id");
CREATE UNIQUE INDEX "auth_group_permissions_group_id_permission_id_0cd325b0_uniq" ON "auth_group_permissions" ("group_id", "permission_id");
CREATE INDEX IF NOT EXISTS "auth_group_permissions_group_id_b120cbf9" ON "auth_group_permissions" ("group_id");
CREATE INDEX IF NOT EXISTS "auth_group_permissions_permission_id_84c5c92e" ON "auth_group_permissions" ("permission_id");
CREATE UNIQUE INDEX "auth_user_groups_user_id_group_id_94350c0c_uniq" ON "auth_user_groups" ("user_id", "group_id");
CREATE INDEX IF NOT EXISTS "auth_user_groups_user_id_6a12ed8b" ON "auth_user_groups" ("user_id");
CREATE INDEX IF NOT EXISTS "auth_user_groups_group_id_97559544" ON "auth_user_groups" ("group_id");
CREATE UNIQUE INDEX "auth_user_user_permissions_user_id_permission_id_14a6b632_uniq" ON "auth_user_user_permissions" ("user_id", "permission_id");
CREATE INDEX IF NOT EXISTS "auth_user_user_permissions_user_id_a95ead1b" ON "auth_user_user_permissions" ("user_id");
CREATE INDEX IF NOT EXISTS "auth_user_user_permissions_permission_id_1fbb5f2c" ON "auth_user_user_permissions" ("permission_id");
CREATE INDEX IF NOT EXISTS "django_admin_log_content_type_id_c4bce8eb" ON "django_admin_log" ("content_type_id");
CREATE INDEX IF NOT EXISTS "django_admin_log_user_id_c564eba6" ON "django_admin_log" ("user_id");
CREATE UNIQUE INDEX "django_content_type_app_label_model_76bd3d3b_uniq" ON "django_content_type" ("app_label", "model");
CREATE UNIQUE INDEX "auth_permission_content_type_id_codename_01ab375a_uniq" ON "auth_permission" ("content_type_id", "codename");
CREATE INDEX IF NOT EXISTS "auth_permission_content_type_id_2f476e4b" ON "auth_permission" ("content_type_id");
CREATE INDEX IF NOT EXISTS "skill_skill_category_id_0284a83d" ON "skill_skill" ("category_id");
CREATE INDEX IF NOT EXISTS "developer_developerskill_developer_id_857ae723" ON "developer_developerskill" ("developer_id");
CREATE INDEX IF NOT EXISTS "developer_developerskill_level_id_57dbe2f0" ON "developer_developerskill" ("level_id");
CREATE INDEX IF NOT EXISTS "developer_developerskill_skill_id_b7a718d8" ON "developer_developerskill" ("skill_id");
CREATE UNIQUE INDEX "developer_developer_languages_developer_id_language_id_abd27480_uniq" ON "developer_developer_languages" ("developer_id", "language_id");
CREATE INDEX IF NOT EXISTS "developer_developer_languages_developer_id_8743f2d7" ON "developer_developer_languages" ("developer_id");
CREATE INDEX IF NOT EXISTS "developer_developer_languages_language_id_df7d2c35" ON "developer_developer_languages" ("language_id");
CREATE INDEX IF NOT EXISTS "formation_project_formation_id_5db9765f" ON "formation_project" ("formation_id");
CREATE UNIQUE INDEX "formation_project_developers_project_id_developer_id_78da034e_uniq" ON "formation_project_developers" ("project_id", "developer_id");
CREATE INDEX IF NOT EXISTS "formation_project_developers_project_id_ca31a149" ON "formation_project_developers" ("project_id");
CREATE INDEX IF NOT EXISTS "formation_project_developers_developer_id_bfbd3053" ON "formation_project_developers" ("developer_id");
CREATE INDEX IF NOT EXISTS "formation_projectinvoice_project_id_b55366e1" ON "formation_projectinvoice" ("project_id");
CREATE UNIQUE INDEX "formation_project_invoices_project_id_projectinvoice_id_e443a7ba_uniq" ON "formation_project_invoices" ("project_id", "projectinvoice_id");
CREATE INDEX IF NOT EXISTS "formation_project_invoices_project_id_083c211a" ON "formation_project_invoices" ("project_id");
CREATE INDEX IF NOT EXISTS "formation_project_invoices_projectinvoice_id_b98be4b5" ON "formation_project_invoices" ("projectinvoice_id");
CREATE INDEX IF NOT EXISTS "formation_project_status_id_7aa4dd23" ON "formation_project" ("status_id");
CREATE INDEX IF NOT EXISTS "formation_partner_contact_id_a0a731ae" ON "formation_partner" ("contact_id");
CREATE INDEX IF NOT EXISTS "formation_formationslide_formation_id_14b30858" ON "formation_formationslide" ("formation_id");
CREATE INDEX IF NOT EXISTS "formation_formation_duration_id_ccf1c714" ON "formation_formation" ("duration_id");
CREATE INDEX IF NOT EXISTS "django_session_expire_date_a5c62663" ON "django_session" ("expire_date");
CREATE INDEX IF NOT EXISTS "developer_developer_country_id_29beb66b" ON "developer_developer" ("country_id");
CREATE INDEX IF NOT EXISTS "developer_developer_status_id_5033c081" ON "developer_developer" ("status_id");
CREATE INDEX IF NOT EXISTS "django_cron_cronjoblog_code_48865653" ON "django_cron_cronjoblog" ("code");
CREATE INDEX IF NOT EXISTS "django_cron_cronjoblog_start_time_d68c0dd9" ON "django_cron_cronjoblog" ("start_time");
CREATE INDEX IF NOT EXISTS "django_cron_cronjoblog_end_time_7918602a" ON "django_cron_cronjoblog" ("end_time");
CREATE INDEX IF NOT EXISTS "django_cron_cronjoblog_ran_at_time_7fed2751" ON "django_cron_cronjoblog" ("ran_at_time");
CREATE INDEX IF NOT EXISTS "django_cron_cronjoblog_code_start_time_ran_at_time_8b50b8fa_idx" ON "django_cron_cronjoblog" ("code", "start_time", "ran_at_time");
CREATE INDEX IF NOT EXISTS "django_cron_cronjoblog_code_is_success_ran_at_time_84da9606_idx" ON "django_cron_cronjoblog" ("code", "is_success", "ran_at_time");
CREATE INDEX IF NOT EXISTS "django_cron_cronjoblog_code_start_time_4fc78f9d_idx" ON "django_cron_cronjoblog" ("code", "start_time");
CREATE INDEX IF NOT EXISTS "developer_experience_developer_id_a7a9a055" ON "developer_experience" ("developer_id");
CREATE TABLE IF NOT EXISTS "auth_permission" ("id" integer NOT NULL PRIMARY KEY AUTOINCREMENT, "content_type_id" integer NOT NULL REFERENCES "django_content_type" ("id") DEFERRABLE INITIALLY DEFERRED, "codename" varchar(100) NOT NULL, "name" varchar(255) NOT NULL);
INSERT INTO "auth_permission" VALUES(1,1,'add_country','Can add Pays');
INSERT INTO "auth_permission" VALUES(2,1,'change_country','Can change Pays');
INSERT INTO "auth_permission" VALUES(3,1,'delete_country','Can delete Pays');
INSERT INTO "auth_permission" VALUES(4,1,'view_country','Can view Pays');
INSERT INTO "auth_permission" VALUES(5,2,'add_address','Can add Adresse');
INSERT INTO "auth_permission" VALUES(6,2,'change_address','Can change Adresse');
INSERT INTO "auth_permission" VALUES(7,2,'delete_address','Can delete Adresse');
INSERT INTO "auth_permission" VALUES(8,2,'view_address','Can view Adresse');
INSERT INTO "auth_permission" VALUES(9,3,'add_developer','Can add Developpeur');
INSERT INTO "auth_permission" VALUES(10,3,'change_developer','Can change Developpeur');
INSERT INTO "auth_permission" VALUES(11,3,'delete_developer','Can delete Developpeur');
INSERT INTO "auth_permission" VALUES(12,3,'view_developer','Can view Developpeur');
INSERT INTO "auth_permission" VALUES(13,4,'add_language','Can add Langue');
INSERT INTO "auth_permission" VALUES(14,4,'change_language','Can change Langue');
INSERT INTO "auth_permission" VALUES(15,4,'delete_language','Can delete Langue');
INSERT INTO "auth_permission" VALUES(16,4,'view_language','Can view Langue');
INSERT INTO "auth_permission" VALUES(17,5,'add_level','Can add Niveau');
INSERT INTO "auth_permission" VALUES(18,5,'change_level','Can change Niveau');
INSERT INTO "auth_permission" VALUES(19,5,'delete_level','Can delete Niveau');
INSERT INTO "auth_permission" VALUES(20,5,'view_level','Can view Niveau');
INSERT INTO "auth_permission" VALUES(21,6,'add_status','Can add Status');
INSERT INTO "auth_permission" VALUES(22,6,'change_status','Can change Status');
INSERT INTO "auth_permission" VALUES(23,6,'delete_status','Can delete Status');
INSERT INTO "auth_permission" VALUES(24,6,'view_status','Can view Status');
INSERT INTO "auth_permission" VALUES(25,7,'add_developerskill','Can add Competence du developpeur');
INSERT INTO "auth_permission" VALUES(26,7,'change_developerskill','Can change Competence du developpeur');
INSERT INTO "auth_permission" VALUES(27,7,'delete_developerskill','Can delete Competence du developpeur');
INSERT INTO "auth_permission" VALUES(28,7,'view_developerskill','Can view Competence du developpeur');
INSERT INTO "auth_permission" VALUES(29,8,'add_config','Can add Configuration');
INSERT INTO "auth_permission" VALUES(30,8,'change_config','Can change Configuration');
INSERT INTO "auth_permission" VALUES(31,8,'delete_config','Can delete Configuration');
INSERT INTO "auth_permission" VALUES(32,8,'view_config','Can view Configuration');
INSERT INTO "auth_permission" VALUES(33,9,'add_skillcategory','Can add Categorie de competence');
INSERT INTO "auth_permission" VALUES(34,9,'change_skillcategory','Can change Categorie de competence');
INSERT INTO "auth_permission" VALUES(35,9,'delete_skillcategory','Can delete Categorie de competence');
INSERT INTO "auth_permission" VALUES(36,9,'view_skillcategory','Can view Categorie de competence');
INSERT INTO "auth_permission" VALUES(37,10,'add_skill','Can add Competence');
INSERT INTO "auth_permission" VALUES(38,10,'change_skill','Can change Competence');
INSERT INTO "auth_permission" VALUES(39,10,'delete_skill','Can delete Competence');
INSERT INTO "auth_permission" VALUES(40,10,'view_skill','Can view Competence');
INSERT INTO "auth_permission" VALUES(41,11,'add_contact','Can add Contact');
INSERT INTO "auth_permission" VALUES(42,11,'change_contact','Can change Contact');
INSERT INTO "auth_permission" VALUES(43,11,'delete_contact','Can delete Contact');
INSERT INTO "auth_permission" VALUES(44,11,'view_contact','Can view Contact');
INSERT INTO "auth_permission" VALUES(45,12,'add_formation','Can add Formation');
INSERT INTO "auth_permission" VALUES(46,12,'change_formation','Can change Formation');
INSERT INTO "auth_permission" VALUES(47,12,'delete_formation','Can delete Formation');
INSERT INTO "auth_permission" VALUES(48,12,'view_formation','Can view Formation');
INSERT INTO "auth_permission" VALUES(49,13,'add_formationduration','Can add Durée');
INSERT INTO "auth_permission" VALUES(50,13,'change_formationduration','Can change Durée');
INSERT INTO "auth_permission" VALUES(51,13,'delete_formationduration','Can delete Durée');
INSERT INTO "auth_permission" VALUES(52,13,'view_formationduration','Can view Durée');
INSERT INTO "auth_permission" VALUES(53,14,'add_project','Can add project');
INSERT INTO "auth_permission" VALUES(54,14,'change_project','Can change project');
INSERT INTO "auth_permission" VALUES(55,14,'delete_project','Can delete project');
INSERT INTO "auth_permission" VALUES(56,14,'view_project','Can view project');
INSERT INTO "auth_permission" VALUES(57,15,'add_projectstatus','Can add Status');
INSERT INTO "auth_permission" VALUES(58,15,'change_projectstatus','Can change Status');
INSERT INTO "auth_permission" VALUES(59,15,'delete_projectstatus','Can delete Status');
INSERT INTO "auth_permission" VALUES(60,15,'view_projectstatus','Can view Status');
INSERT INTO "auth_permission" VALUES(61,16,'add_projectinvoice','Can add Facture');
INSERT INTO "auth_permission" VALUES(62,16,'change_projectinvoice','Can change Facture');
INSERT INTO "auth_permission" VALUES(63,16,'delete_projectinvoice','Can delete Facture');
INSERT INTO "auth_permission" VALUES(64,16,'view_projectinvoice','Can view Facture');
INSERT INTO "auth_permission" VALUES(65,17,'add_partner','Can add Partenaire');
INSERT INTO "auth_permission" VALUES(66,17,'change_partner','Can change Partenaire');
INSERT INTO "auth_permission" VALUES(67,17,'delete_partner','Can delete Partenaire');
INSERT INTO "auth_permission" VALUES(68,17,'view_partner','Can view Partenaire');
INSERT INTO "auth_permission" VALUES(69,18,'add_formationslide','Can add Slide');
INSERT INTO "auth_permission" VALUES(70,18,'change_formationslide','Can change Slide');
INSERT INTO "auth_permission" VALUES(71,18,'delete_formationslide','Can delete Slide');
INSERT INTO "auth_permission" VALUES(72,18,'view_formationslide','Can view Slide');
INSERT INTO "auth_permission" VALUES(73,19,'add_logentry','Can add log entry');
INSERT INTO "auth_permission" VALUES(74,19,'change_logentry','Can change log entry');
INSERT INTO "auth_permission" VALUES(75,19,'delete_logentry','Can delete log entry');
INSERT INTO "auth_permission" VALUES(76,19,'view_logentry','Can view log entry');
INSERT INTO "auth_permission" VALUES(77,20,'add_permission','Can add permission');
INSERT INTO "auth_permission" VALUES(78,20,'change_permission','Can change permission');
INSERT INTO "auth_permission" VALUES(79,20,'delete_permission','Can delete permission');
INSERT INTO "auth_permission" VALUES(80,20,'view_permission','Can view permission');
INSERT INTO "auth_permission" VALUES(81,21,'add_group','Can add group');
INSERT INTO "auth_permission" VALUES(82,21,'change_group','Can change group');
INSERT INTO "auth_permission" VALUES(83,21,'delete_group','Can delete group');
INSERT INTO "auth_permission" VALUES(84,21,'view_group','Can view group');
INSERT INTO "auth_permission" VALUES(85,22,'add_user','Can add user');
INSERT INTO "auth_permission" VALUES(86,22,'change_user','Can change user');
INSERT INTO "auth_permission" VALUES(87,22,'delete_user','Can delete user');
INSERT INTO "auth_permission" VALUES(88,22,'view_user','Can view user');
INSERT INTO "auth_permission" VALUES(89,23,'add_contenttype','Can add content type');
INSERT INTO "auth_permission" VALUES(90,23,'change_contenttype','Can change content type');
INSERT INTO "auth_permission" VALUES(91,23,'delete_contenttype','Can delete content type');
INSERT INTO "auth_permission" VALUES(92,23,'view_contenttype','Can view content type');
INSERT INTO "auth_permission" VALUES(93,24,'add_session','Can add session');
INSERT INTO "auth_permission" VALUES(94,24,'change_session','Can change session');
INSERT INTO "auth_permission" VALUES(95,24,'delete_session','Can delete session');
INSERT INTO "auth_permission" VALUES(96,24,'view_session','Can view session');
INSERT INTO "auth_permission" VALUES(97,25,'add_theme','Can add Theme');
INSERT INTO "auth_permission" VALUES(98,25,'change_theme','Can change Theme');
INSERT INTO "auth_permission" VALUES(99,25,'delete_theme','Can delete Theme');
INSERT INTO "auth_permission" VALUES(100,25,'view_theme','Can view Theme');
INSERT INTO "auth_permission" VALUES(101,26,'add_cronjoblog','Can add cron job log');
INSERT INTO "auth_permission" VALUES(102,26,'change_cronjoblog','Can change cron job log');
INSERT INTO "auth_permission" VALUES(103,26,'delete_cronjoblog','Can delete cron job log');
INSERT INTO "auth_permission" VALUES(104,26,'view_cronjoblog','Can view cron job log');
INSERT INTO "auth_permission" VALUES(105,27,'add_cronjoblock','Can add cron job lock');
INSERT INTO "auth_permission" VALUES(106,27,'change_cronjoblock','Can change cron job lock');
INSERT INTO "auth_permission" VALUES(107,27,'delete_cronjoblock','Can delete cron job lock');
INSERT INTO "auth_permission" VALUES(108,27,'view_cronjoblock','Can view cron job lock');
INSERT INTO "auth_permission" VALUES(109,28,'add_experience','Can add Expérience');
INSERT INTO "auth_permission" VALUES(110,28,'change_experience','Can change Expérience');
INSERT INTO "auth_permission" VALUES(111,28,'delete_experience','Can delete Expérience');
INSERT INTO "auth_permission" VALUES(112,28,'view_experience','Can view Expérience');
CREATE INDEX IF NOT EXISTS "address_address_country_id_cc79e617" ON "address_address" ("country_id");
CREATE UNIQUE INDEX "auth_group_permissions_group_id_permission_id_0cd325b0_uniq" ON "auth_group_permissions" ("group_id", "permission_id");
CREATE INDEX IF NOT EXISTS "auth_group_permissions_group_id_b120cbf9" ON "auth_group_permissions" ("group_id");
CREATE INDEX IF NOT EXISTS "auth_group_permissions_permission_id_84c5c92e" ON "auth_group_permissions" ("permission_id");
CREATE UNIQUE INDEX "auth_user_groups_user_id_group_id_94350c0c_uniq" ON "auth_user_groups" ("user_id", "group_id");
CREATE INDEX IF NOT EXISTS "auth_user_groups_user_id_6a12ed8b" ON "auth_user_groups" ("user_id");
CREATE INDEX IF NOT EXISTS "auth_user_groups_group_id_97559544" ON "auth_user_groups" ("group_id");
CREATE UNIQUE INDEX "auth_user_user_permissions_user_id_permission_id_14a6b632_uniq" ON "auth_user_user_permissions" ("user_id", "permission_id");
CREATE INDEX IF NOT EXISTS "auth_user_user_permissions_user_id_a95ead1b" ON "auth_user_user_permissions" ("user_id");
CREATE INDEX IF NOT EXISTS "auth_user_user_permissions_permission_id_1fbb5f2c" ON "auth_user_user_permissions" ("permission_id");
CREATE INDEX IF NOT EXISTS "django_admin_log_content_type_id_c4bce8eb" ON "django_admin_log" ("content_type_id");
CREATE INDEX IF NOT EXISTS "django_admin_log_user_id_c564eba6" ON "django_admin_log" ("user_id");
CREATE UNIQUE INDEX "django_content_type_app_label_model_76bd3d3b_uniq" ON "django_content_type" ("app_label", "model");
CREATE UNIQUE INDEX "auth_permission_content_type_id_codename_01ab375a_uniq" ON "auth_permission" ("content_type_id", "codename");
CREATE INDEX IF NOT EXISTS "auth_permission_content_type_id_2f476e4b" ON "auth_permission" ("content_type_id");
CREATE INDEX IF NOT EXISTS "skill_skill_category_id_0284a83d" ON "skill_skill" ("category_id");
CREATE INDEX IF NOT EXISTS "developer_developerskill_developer_id_857ae723" ON "developer_developerskill" ("developer_id");
CREATE INDEX IF NOT EXISTS "developer_developerskill_level_id_57dbe2f0" ON "developer_developerskill" ("level_id");
CREATE INDEX IF NOT EXISTS "developer_developerskill_skill_id_b7a718d8" ON "developer_developerskill" ("skill_id");
CREATE UNIQUE INDEX "developer_developer_languages_developer_id_language_id_abd27480_uniq" ON "developer_developer_languages" ("developer_id", "language_id");
CREATE INDEX IF NOT EXISTS "developer_developer_languages_developer_id_8743f2d7" ON "developer_developer_languages" ("developer_id");
CREATE INDEX IF NOT EXISTS "developer_developer_languages_language_id_df7d2c35" ON "developer_developer_languages" ("language_id");
CREATE INDEX IF NOT EXISTS "formation_project_formation_id_5db9765f" ON "formation_project" ("formation_id");
CREATE UNIQUE INDEX "formation_project_developers_project_id_developer_id_78da034e_uniq" ON "formation_project_developers" ("project_id", "developer_id");
CREATE INDEX IF NOT EXISTS "formation_project_developers_project_id_ca31a149" ON "formation_project_developers" ("project_id");
CREATE INDEX IF NOT EXISTS "formation_project_developers_developer_id_bfbd3053" ON "formation_project_developers" ("developer_id");
CREATE INDEX IF NOT EXISTS "formation_projectinvoice_project_id_b55366e1" ON "formation_projectinvoice" ("project_id");
CREATE UNIQUE INDEX "formation_project_invoices_project_id_projectinvoice_id_e443a7ba_uniq" ON "formation_project_invoices" ("project_id", "projectinvoice_id");
CREATE INDEX IF NOT EXISTS "formation_project_invoices_project_id_083c211a" ON "formation_project_invoices" ("project_id");
CREATE INDEX IF NOT EXISTS "formation_project_invoices_projectinvoice_id_b98be4b5" ON "formation_project_invoices" ("projectinvoice_id");
CREATE INDEX IF NOT EXISTS "formation_project_status_id_7aa4dd23" ON "formation_project" ("status_id");
CREATE INDEX IF NOT EXISTS "formation_partner_contact_id_a0a731ae" ON "formation_partner" ("contact_id");
CREATE INDEX IF NOT EXISTS "formation_formationslide_formation_id_14b30858" ON "formation_formationslide" ("formation_id");
CREATE INDEX IF NOT EXISTS "formation_formation_duration_id_ccf1c714" ON "formation_formation" ("duration_id");
CREATE INDEX IF NOT EXISTS "django_session_expire_date_a5c62663" ON "django_session" ("expire_date");
CREATE INDEX IF NOT EXISTS "developer_developer_country_id_29beb66b" ON "developer_developer" ("country_id");
CREATE INDEX IF NOT EXISTS "developer_developer_status_id_5033c081" ON "developer_developer" ("status_id");
CREATE INDEX IF NOT EXISTS "django_cron_cronjoblog_code_48865653" ON "django_cron_cronjoblog" ("code");
CREATE INDEX IF NOT EXISTS "django_cron_cronjoblog_start_time_d68c0dd9" ON "django_cron_cronjoblog" ("start_time");
CREATE INDEX IF NOT EXISTS "django_cron_cronjoblog_end_time_7918602a" ON "django_cron_cronjoblog" ("end_time");
CREATE INDEX IF NOT EXISTS "django_cron_cronjoblog_ran_at_time_7fed2751" ON "django_cron_cronjoblog" ("ran_at_time");
CREATE INDEX IF NOT EXISTS "django_cron_cronjoblog_code_start_time_ran_at_time_8b50b8fa_idx" ON "django_cron_cronjoblog" ("code", "start_time", "ran_at_time");
CREATE INDEX IF NOT EXISTS "django_cron_cronjoblog_code_is_success_ran_at_time_84da9606_idx" ON "django_cron_cronjoblog" ("code", "is_success", "ran_at_time");
CREATE INDEX IF NOT EXISTS "django_cron_cronjoblog_code_start_time_4fc78f9d_idx" ON "django_cron_cronjoblog" ("code", "start_time");
CREATE INDEX IF NOT EXISTS "developer_experience_developer_id_a7a9a055" ON "developer_experience" ("developer_id");
CREATE TABLE IF NOT EXISTS "auth_user" ("id" integer NOT NULL PRIMARY KEY AUTOINCREMENT, "password" varchar(128) NOT NULL, "last_login" datetime NULL, "is_superuser" bool NOT NULL, "username" varchar(150) NOT NULL UNIQUE, "last_name" varchar(150) NOT NULL, "email" varchar(254) NOT NULL, "is_staff" bool NOT NULL, "is_active" bool NOT NULL, "date_joined" datetime NOT NULL, "first_name" varchar(150) NOT NULL);
INSERT INTO "auth_user" VALUES(1,'pbkdf2_sha256$600000$70aDWih6fu8poo5iUJrXej$Ov09eIeqCUQGZhLZUwNsds5z42UEPtcWK5JRbNQ76H0=','2023-05-19 13:44:06.374166',1,'essejacques','','essedansomon@gmail.com',1,1,'2023-05-17 16:00:42.148770','');
CREATE INDEX IF NOT EXISTS "address_address_country_id_cc79e617" ON "address_address" ("country_id");
CREATE UNIQUE INDEX "auth_group_permissions_group_id_permission_id_0cd325b0_uniq" ON "auth_group_permissions" ("group_id", "permission_id");
CREATE INDEX IF NOT EXISTS "auth_group_permissions_group_id_b120cbf9" ON "auth_group_permissions" ("group_id");
CREATE INDEX IF NOT EXISTS "auth_group_permissions_permission_id_84c5c92e" ON "auth_group_permissions" ("permission_id");
CREATE UNIQUE INDEX "auth_user_groups_user_id_group_id_94350c0c_uniq" ON "auth_user_groups" ("user_id", "group_id");
CREATE INDEX IF NOT EXISTS "auth_user_groups_user_id_6a12ed8b" ON "auth_user_groups" ("user_id");
CREATE INDEX IF NOT EXISTS "auth_user_groups_group_id_97559544" ON "auth_user_groups" ("group_id");
CREATE UNIQUE INDEX "auth_user_user_permissions_user_id_permission_id_14a6b632_uniq" ON "auth_user_user_permissions" ("user_id", "permission_id");
CREATE INDEX IF NOT EXISTS "auth_user_user_permissions_user_id_a95ead1b" ON "auth_user_user_permissions" ("user_id");
CREATE INDEX IF NOT EXISTS "auth_user_user_permissions_permission_id_1fbb5f2c" ON "auth_user_user_permissions" ("permission_id");
CREATE INDEX IF NOT EXISTS "django_admin_log_content_type_id_c4bce8eb" ON "django_admin_log" ("content_type_id");
CREATE INDEX IF NOT EXISTS "django_admin_log_user_id_c564eba6" ON "django_admin_log" ("user_id");
CREATE UNIQUE INDEX "django_content_type_app_label_model_76bd3d3b_uniq" ON "django_content_type" ("app_label", "model");
CREATE UNIQUE INDEX "auth_permission_content_type_id_codename_01ab375a_uniq" ON "auth_permission" ("content_type_id", "codename");
CREATE INDEX IF NOT EXISTS "auth_permission_content_type_id_2f476e4b" ON "auth_permission" ("content_type_id");
CREATE INDEX IF NOT EXISTS "skill_skill_category_id_0284a83d" ON "skill_skill" ("category_id");
CREATE INDEX IF NOT EXISTS "developer_developerskill_developer_id_857ae723" ON "developer_developerskill" ("developer_id");
CREATE INDEX IF NOT EXISTS "developer_developerskill_level_id_57dbe2f0" ON "developer_developerskill" ("level_id");
CREATE INDEX IF NOT EXISTS "developer_developerskill_skill_id_b7a718d8" ON "developer_developerskill" ("skill_id");
CREATE UNIQUE INDEX "developer_developer_languages_developer_id_language_id_abd27480_uniq" ON "developer_developer_languages" ("developer_id", "language_id");
CREATE INDEX IF NOT EXISTS "developer_developer_languages_developer_id_8743f2d7" ON "developer_developer_languages" ("developer_id");
CREATE INDEX IF NOT EXISTS "developer_developer_languages_language_id_df7d2c35" ON "developer_developer_languages" ("language_id");
CREATE INDEX IF NOT EXISTS "formation_project_formation_id_5db9765f" ON "formation_project" ("formation_id");
CREATE UNIQUE INDEX "formation_project_developers_project_id_developer_id_78da034e_uniq" ON "formation_project_developers" ("project_id", "developer_id");
CREATE INDEX IF NOT EXISTS "formation_project_developers_project_id_ca31a149" ON "formation_project_developers" ("project_id");
CREATE INDEX IF NOT EXISTS "formation_project_developers_developer_id_bfbd3053" ON "formation_project_developers" ("developer_id");
CREATE INDEX IF NOT EXISTS "formation_projectinvoice_project_id_b55366e1" ON "formation_projectinvoice" ("project_id");
CREATE UNIQUE INDEX "formation_project_invoices_project_id_projectinvoice_id_e443a7ba_uniq" ON "formation_project_invoices" ("project_id", "projectinvoice_id");
CREATE INDEX IF NOT EXISTS "formation_project_invoices_project_id_083c211a" ON "formation_project_invoices" ("project_id");
CREATE INDEX IF NOT EXISTS "formation_project_invoices_projectinvoice_id_b98be4b5" ON "formation_project_invoices" ("projectinvoice_id");
CREATE INDEX IF NOT EXISTS "formation_project_status_id_7aa4dd23" ON "formation_project" ("status_id");
CREATE INDEX IF NOT EXISTS "formation_partner_contact_id_a0a731ae" ON "formation_partner" ("contact_id");
CREATE INDEX IF NOT EXISTS "formation_formationslide_formation_id_14b30858" ON "formation_formationslide" ("formation_id");
CREATE INDEX IF NOT EXISTS "formation_formation_duration_id_ccf1c714" ON "formation_formation" ("duration_id");
CREATE INDEX IF NOT EXISTS "django_session_expire_date_a5c62663" ON "django_session" ("expire_date");
CREATE INDEX IF NOT EXISTS "developer_developer_country_id_29beb66b" ON "developer_developer" ("country_id");
CREATE INDEX IF NOT EXISTS "developer_developer_status_id_5033c081" ON "developer_developer" ("status_id");
CREATE INDEX IF NOT EXISTS "django_cron_cronjoblog_code_48865653" ON "django_cron_cronjoblog" ("code");
CREATE INDEX IF NOT EXISTS "django_cron_cronjoblog_start_time_d68c0dd9" ON "django_cron_cronjoblog" ("start_time");
CREATE INDEX IF NOT EXISTS "django_cron_cronjoblog_end_time_7918602a" ON "django_cron_cronjoblog" ("end_time");
CREATE INDEX IF NOT EXISTS "django_cron_cronjoblog_ran_at_time_7fed2751" ON "django_cron_cronjoblog" ("ran_at_time");
CREATE INDEX IF NOT EXISTS "django_cron_cronjoblog_code_start_time_ran_at_time_8b50b8fa_idx" ON "django_cron_cronjoblog" ("code", "start_time", "ran_at_time");
CREATE INDEX IF NOT EXISTS "django_cron_cronjoblog_code_is_success_ran_at_time_84da9606_idx" ON "django_cron_cronjoblog" ("code", "is_success", "ran_at_time");
CREATE INDEX IF NOT EXISTS "django_cron_cronjoblog_code_start_time_4fc78f9d_idx" ON "django_cron_cronjoblog" ("code", "start_time");
CREATE INDEX IF NOT EXISTS "developer_experience_developer_id_a7a9a055" ON "developer_experience" ("developer_id");
CREATE TABLE IF NOT EXISTS "auth_user_groups" ("id" integer NOT NULL PRIMARY KEY AUTOINCREMENT, "user_id" integer NOT NULL REFERENCES "auth_user" ("id") DEFERRABLE INITIALLY DEFERRED, "group_id" integer NOT NULL REFERENCES "auth_group" ("id") DEFERRABLE INITIALLY DEFERRED);
CREATE INDEX IF NOT EXISTS "address_address_country_id_cc79e617" ON "address_address" ("country_id");
CREATE UNIQUE INDEX "auth_group_permissions_group_id_permission_id_0cd325b0_uniq" ON "auth_group_permissions" ("group_id", "permission_id");
CREATE INDEX IF NOT EXISTS "auth_group_permissions_group_id_b120cbf9" ON "auth_group_permissions" ("group_id");
CREATE INDEX IF NOT EXISTS "auth_group_permissions_permission_id_84c5c92e" ON "auth_group_permissions" ("permission_id");
CREATE UNIQUE INDEX "auth_user_groups_user_id_group_id_94350c0c_uniq" ON "auth_user_groups" ("user_id", "group_id");
CREATE INDEX IF NOT EXISTS "auth_user_groups_user_id_6a12ed8b" ON "auth_user_groups" ("user_id");
CREATE INDEX IF NOT EXISTS "auth_user_groups_group_id_97559544" ON "auth_user_groups" ("group_id");
CREATE UNIQUE INDEX "auth_user_user_permissions_user_id_permission_id_14a6b632_uniq" ON "auth_user_user_permissions" ("user_id", "permission_id");
CREATE INDEX IF NOT EXISTS "auth_user_user_permissions_user_id_a95ead1b" ON "auth_user_user_permissions" ("user_id");
CREATE INDEX IF NOT EXISTS "auth_user_user_permissions_permission_id_1fbb5f2c" ON "auth_user_user_permissions" ("permission_id");
CREATE INDEX IF NOT EXISTS "django_admin_log_content_type_id_c4bce8eb" ON "django_admin_log" ("content_type_id");
CREATE INDEX IF NOT EXISTS "django_admin_log_user_id_c564eba6" ON "django_admin_log" ("user_id");
CREATE UNIQUE INDEX "django_content_type_app_label_model_76bd3d3b_uniq" ON "django_content_type" ("app_label", "model");
CREATE UNIQUE INDEX "auth_permission_content_type_id_codename_01ab375a_uniq" ON "auth_permission" ("content_type_id", "codename");
CREATE INDEX IF NOT EXISTS "auth_permission_content_type_id_2f476e4b" ON "auth_permission" ("content_type_id");
CREATE INDEX IF NOT EXISTS "skill_skill_category_id_0284a83d" ON "skill_skill" ("category_id");
CREATE INDEX IF NOT EXISTS "developer_developerskill_developer_id_857ae723" ON "developer_developerskill" ("developer_id");
CREATE INDEX IF NOT EXISTS "developer_developerskill_level_id_57dbe2f0" ON "developer_developerskill" ("level_id");
CREATE INDEX IF NOT EXISTS "developer_developerskill_skill_id_b7a718d8" ON "developer_developerskill" ("skill_id");
CREATE UNIQUE INDEX "developer_developer_languages_developer_id_language_id_abd27480_uniq" ON "developer_developer_languages" ("developer_id", "language_id");
CREATE INDEX IF NOT EXISTS "developer_developer_languages_developer_id_8743f2d7" ON "developer_developer_languages" ("developer_id");
CREATE INDEX IF NOT EXISTS "developer_developer_languages_language_id_df7d2c35" ON "developer_developer_languages" ("language_id");
CREATE INDEX IF NOT EXISTS "formation_project_formation_id_5db9765f" ON "formation_project" ("formation_id");
CREATE UNIQUE INDEX "formation_project_developers_project_id_developer_id_78da034e_uniq" ON "formation_project_developers" ("project_id", "developer_id");
CREATE INDEX IF NOT EXISTS "formation_project_developers_project_id_ca31a149" ON "formation_project_developers" ("project_id");
CREATE INDEX IF NOT EXISTS "formation_project_developers_developer_id_bfbd3053" ON "formation_project_developers" ("developer_id");
CREATE INDEX IF NOT EXISTS "formation_projectinvoice_project_id_b55366e1" ON "formation_projectinvoice" ("project_id");
CREATE UNIQUE INDEX "formation_project_invoices_project_id_projectinvoice_id_e443a7ba_uniq" ON "formation_project_invoices" ("project_id", "projectinvoice_id");
CREATE INDEX IF NOT EXISTS "formation_project_invoices_project_id_083c211a" ON "formation_project_invoices" ("project_id");
CREATE INDEX IF NOT EXISTS "formation_project_invoices_projectinvoice_id_b98be4b5" ON "formation_project_invoices" ("projectinvoice_id");
CREATE INDEX IF NOT EXISTS "formation_project_status_id_7aa4dd23" ON "formation_project" ("status_id");
CREATE INDEX IF NOT EXISTS "formation_partner_contact_id_a0a731ae" ON "formation_partner" ("contact_id");
CREATE INDEX IF NOT EXISTS "formation_formationslide_formation_id_14b30858" ON "formation_formationslide" ("formation_id");
CREATE INDEX IF NOT EXISTS "formation_formation_duration_id_ccf1c714" ON "formation_formation" ("duration_id");
CREATE INDEX IF NOT EXISTS "django_session_expire_date_a5c62663" ON "django_session" ("expire_date");
CREATE INDEX IF NOT EXISTS "developer_developer_country_id_29beb66b" ON "developer_developer" ("country_id");
CREATE INDEX IF NOT EXISTS "developer_developer_status_id_5033c081" ON "developer_developer" ("status_id");
CREATE INDEX IF NOT EXISTS "django_cron_cronjoblog_code_48865653" ON "django_cron_cronjoblog" ("code");
CREATE INDEX IF NOT EXISTS "django_cron_cronjoblog_start_time_d68c0dd9" ON "django_cron_cronjoblog" ("start_time");
CREATE INDEX IF NOT EXISTS "django_cron_cronjoblog_end_time_7918602a" ON "django_cron_cronjoblog" ("end_time");
CREATE INDEX IF NOT EXISTS "django_cron_cronjoblog_ran_at_time_7fed2751" ON "django_cron_cronjoblog" ("ran_at_time");
CREATE INDEX IF NOT EXISTS "django_cron_cronjoblog_code_start_time_ran_at_time_8b50b8fa_idx" ON "django_cron_cronjoblog" ("code", "start_time", "ran_at_time");
CREATE INDEX IF NOT EXISTS "django_cron_cronjoblog_code_is_success_ran_at_time_84da9606_idx" ON "django_cron_cronjoblog" ("code", "is_success", "ran_at_time");
CREATE INDEX IF NOT EXISTS "django_cron_cronjoblog_code_start_time_4fc78f9d_idx" ON "django_cron_cronjoblog" ("code", "start_time");
CREATE INDEX IF NOT EXISTS "developer_experience_developer_id_a7a9a055" ON "developer_experience" ("developer_id");
CREATE TABLE IF NOT EXISTS "auth_user_user_permissions" ("id" integer NOT NULL PRIMARY KEY AUTOINCREMENT, "user_id" integer NOT NULL REFERENCES "auth_user" ("id") DEFERRABLE INITIALLY DEFERRED, "permission_id" integer NOT NULL REFERENCES "auth_permission" ("id") DEFERRABLE INITIALLY DEFERRED);
CREATE INDEX IF NOT EXISTS "address_address_country_id_cc79e617" ON "address_address" ("country_id");
CREATE UNIQUE INDEX "auth_group_permissions_group_id_permission_id_0cd325b0_uniq" ON "auth_group_permissions" ("group_id", "permission_id");
CREATE INDEX IF NOT EXISTS "auth_group_permissions_group_id_b120cbf9" ON "auth_group_permissions" ("group_id");
CREATE INDEX IF NOT EXISTS "auth_group_permissions_permission_id_84c5c92e" ON "auth_group_permissions" ("permission_id");
CREATE UNIQUE INDEX "auth_user_groups_user_id_group_id_94350c0c_uniq" ON "auth_user_groups" ("user_id", "group_id");
CREATE INDEX IF NOT EXISTS "auth_user_groups_user_id_6a12ed8b" ON "auth_user_groups" ("user_id");
CREATE INDEX IF NOT EXISTS "auth_user_groups_group_id_97559544" ON "auth_user_groups" ("group_id");
CREATE UNIQUE INDEX "auth_user_user_permissions_user_id_permission_id_14a6b632_uniq" ON "auth_user_user_permissions" ("user_id", "permission_id");
CREATE INDEX IF NOT EXISTS "auth_user_user_permissions_user_id_a95ead1b" ON "auth_user_user_permissions" ("user_id");
CREATE INDEX IF NOT EXISTS "auth_user_user_permissions_permission_id_1fbb5f2c" ON "auth_user_user_permissions" ("permission_id");
CREATE INDEX IF NOT EXISTS "django_admin_log_content_type_id_c4bce8eb" ON "django_admin_log" ("content_type_id");
CREATE INDEX IF NOT EXISTS "django_admin_log_user_id_c564eba6" ON "django_admin_log" ("user_id");
CREATE UNIQUE INDEX "django_content_type_app_label_model_76bd3d3b_uniq" ON "django_content_type" ("app_label", "model");
CREATE UNIQUE INDEX "auth_permission_content_type_id_codename_01ab375a_uniq" ON "auth_permission" ("content_type_id", "codename");
CREATE INDEX IF NOT EXISTS "auth_permission_content_type_id_2f476e4b" ON "auth_permission" ("content_type_id");
CREATE INDEX IF NOT EXISTS "skill_skill_category_id_0284a83d" ON "skill_skill" ("category_id");
CREATE INDEX IF NOT EXISTS "developer_developerskill_developer_id_857ae723" ON "developer_developerskill" ("developer_id");
CREATE INDEX IF NOT EXISTS "developer_developerskill_level_id_57dbe2f0" ON "developer_developerskill" ("level_id");
CREATE INDEX IF NOT EXISTS "developer_developerskill_skill_id_b7a718d8" ON "developer_developerskill" ("skill_id");
CREATE UNIQUE INDEX "developer_developer_languages_developer_id_language_id_abd27480_uniq" ON "developer_developer_languages" ("developer_id", "language_id");
CREATE INDEX IF NOT EXISTS "developer_developer_languages_developer_id_8743f2d7" ON "developer_developer_languages" ("developer_id");
CREATE INDEX IF NOT EXISTS "developer_developer_languages_language_id_df7d2c35" ON "developer_developer_languages" ("language_id");
CREATE INDEX IF NOT EXISTS "formation_project_formation_id_5db9765f" ON "formation_project" ("formation_id");
CREATE UNIQUE INDEX "formation_project_developers_project_id_developer_id_78da034e_uniq" ON "formation_project_developers" ("project_id", "developer_id");
CREATE INDEX IF NOT EXISTS "formation_project_developers_project_id_ca31a149" ON "formation_project_developers" ("project_id");
CREATE INDEX IF NOT EXISTS "formation_project_developers_developer_id_bfbd3053" ON "formation_project_developers" ("developer_id");
CREATE INDEX IF NOT EXISTS "formation_projectinvoice_project_id_b55366e1" ON "formation_projectinvoice" ("project_id");
CREATE UNIQUE INDEX "formation_project_invoices_project_id_projectinvoice_id_e443a7ba_uniq" ON "formation_project_invoices" ("project_id", "projectinvoice_id");
CREATE INDEX IF NOT EXISTS "formation_project_invoices_project_id_083c211a" ON "formation_project_invoices" ("project_id");
CREATE INDEX IF NOT EXISTS "formation_project_invoices_projectinvoice_id_b98be4b5" ON "formation_project_invoices" ("projectinvoice_id");
CREATE INDEX IF NOT EXISTS "formation_project_status_id_7aa4dd23" ON "formation_project" ("status_id");
CREATE INDEX IF NOT EXISTS "formation_partner_contact_id_a0a731ae" ON "formation_partner" ("contact_id");
CREATE INDEX IF NOT EXISTS "formation_formationslide_formation_id_14b30858" ON "formation_formationslide" ("formation_id");
CREATE INDEX IF NOT EXISTS "formation_formation_duration_id_ccf1c714" ON "formation_formation" ("duration_id");
CREATE INDEX IF NOT EXISTS "django_session_expire_date_a5c62663" ON "django_session" ("expire_date");
CREATE INDEX IF NOT EXISTS "developer_developer_country_id_29beb66b" ON "developer_developer" ("country_id");
CREATE INDEX IF NOT EXISTS "developer_developer_status_id_5033c081" ON "developer_developer" ("status_id");
CREATE INDEX IF NOT EXISTS "django_cron_cronjoblog_code_48865653" ON "django_cron_cronjoblog" ("code");
CREATE INDEX IF NOT EXISTS "django_cron_cronjoblog_start_time_d68c0dd9" ON "django_cron_cronjoblog" ("start_time");
CREATE INDEX IF NOT EXISTS "django_cron_cronjoblog_end_time_7918602a" ON "django_cron_cronjoblog" ("end_time");
CREATE INDEX IF NOT EXISTS "django_cron_cronjoblog_ran_at_time_7fed2751" ON "django_cron_cronjoblog" ("ran_at_time");
CREATE INDEX IF NOT EXISTS "django_cron_cronjoblog_code_start_time_ran_at_time_8b50b8fa_idx" ON "django_cron_cronjoblog" ("code", "start_time", "ran_at_time");
CREATE INDEX IF NOT EXISTS "django_cron_cronjoblog_code_is_success_ran_at_time_84da9606_idx" ON "django_cron_cronjoblog" ("code", "is_success", "ran_at_time");
CREATE INDEX IF NOT EXISTS "django_cron_cronjoblog_code_start_time_4fc78f9d_idx" ON "django_cron_cronjoblog" ("code", "start_time");
CREATE INDEX IF NOT EXISTS "developer_experience_developer_id_a7a9a055" ON "developer_experience" ("developer_id");
CREATE TABLE IF NOT EXISTS "config_config" ("id" integer NOT NULL PRIMARY KEY AUTOINCREMENT, "name" varchar(255) NOT NULL UNIQUE, "value" varchar(255) NULL);
CREATE INDEX IF NOT EXISTS "address_address_country_id_cc79e617" ON "address_address" ("country_id");
CREATE UNIQUE INDEX "auth_group_permissions_group_id_permission_id_0cd325b0_uniq" ON "auth_group_permissions" ("group_id", "permission_id");
CREATE INDEX IF NOT EXISTS "auth_group_permissions_group_id_b120cbf9" ON "auth_group_permissions" ("group_id");
CREATE INDEX IF NOT EXISTS "auth_group_permissions_permission_id_84c5c92e" ON "auth_group_permissions" ("permission_id");
CREATE UNIQUE INDEX "auth_user_groups_user_id_group_id_94350c0c_uniq" ON "auth_user_groups" ("user_id", "group_id");
CREATE INDEX IF NOT EXISTS "auth_user_groups_user_id_6a12ed8b" ON "auth_user_groups" ("user_id");
CREATE INDEX IF NOT EXISTS "auth_user_groups_group_id_97559544" ON "auth_user_groups" ("group_id");
CREATE UNIQUE INDEX "auth_user_user_permissions_user_id_permission_id_14a6b632_uniq" ON "auth_user_user_permissions" ("user_id", "permission_id");
CREATE INDEX IF NOT EXISTS "auth_user_user_permissions_user_id_a95ead1b" ON "auth_user_user_permissions" ("user_id");
CREATE INDEX IF NOT EXISTS "auth_user_user_permissions_permission_id_1fbb5f2c" ON "auth_user_user_permissions" ("permission_id");
CREATE INDEX IF NOT EXISTS "django_admin_log_content_type_id_c4bce8eb" ON "django_admin_log" ("content_type_id");
CREATE INDEX IF NOT EXISTS "django_admin_log_user_id_c564eba6" ON "django_admin_log" ("user_id");
CREATE UNIQUE INDEX "django_content_type_app_label_model_76bd3d3b_uniq" ON "django_content_type" ("app_label", "model");
CREATE UNIQUE INDEX "auth_permission_content_type_id_codename_01ab375a_uniq" ON "auth_permission" ("content_type_id", "codename");
CREATE INDEX IF NOT EXISTS "auth_permission_content_type_id_2f476e4b" ON "auth_permission" ("content_type_id");
CREATE INDEX IF NOT EXISTS "skill_skill_category_id_0284a83d" ON "skill_skill" ("category_id");
CREATE INDEX IF NOT EXISTS "developer_developerskill_developer_id_857ae723" ON "developer_developerskill" ("developer_id");
CREATE INDEX IF NOT EXISTS "developer_developerskill_level_id_57dbe2f0" ON "developer_developerskill" ("level_id");
CREATE INDEX IF NOT EXISTS "developer_developerskill_skill_id_b7a718d8" ON "developer_developerskill" ("skill_id");
CREATE UNIQUE INDEX "developer_developer_languages_developer_id_language_id_abd27480_uniq" ON "developer_developer_languages" ("developer_id", "language_id");
CREATE INDEX IF NOT EXISTS "developer_developer_languages_developer_id_8743f2d7" ON "developer_developer_languages" ("developer_id");
CREATE INDEX IF NOT EXISTS "developer_developer_languages_language_id_df7d2c35" ON "developer_developer_languages" ("language_id");
CREATE INDEX IF NOT EXISTS "formation_project_formation_id_5db9765f" ON "formation_project" ("formation_id");
CREATE UNIQUE INDEX "formation_project_developers_project_id_developer_id_78da034e_uniq" ON "formation_project_developers" ("project_id", "developer_id");
CREATE INDEX IF NOT EXISTS "formation_project_developers_project_id_ca31a149" ON "formation_project_developers" ("project_id");
CREATE INDEX IF NOT EXISTS "formation_project_developers_developer_id_bfbd3053" ON "formation_project_developers" ("developer_id");
CREATE INDEX IF NOT EXISTS "formation_projectinvoice_project_id_b55366e1" ON "formation_projectinvoice" ("project_id");
CREATE UNIQUE INDEX "formation_project_invoices_project_id_projectinvoice_id_e443a7ba_uniq" ON "formation_project_invoices" ("project_id", "projectinvoice_id");
CREATE INDEX IF NOT EXISTS "formation_project_invoices_project_id_083c211a" ON "formation_project_invoices" ("project_id");
CREATE INDEX IF NOT EXISTS "formation_project_invoices_projectinvoice_id_b98be4b5" ON "formation_project_invoices" ("projectinvoice_id");
CREATE INDEX IF NOT EXISTS "formation_project_status_id_7aa4dd23" ON "formation_project" ("status_id");
CREATE INDEX IF NOT EXISTS "formation_partner_contact_id_a0a731ae" ON "formation_partner" ("contact_id");
CREATE INDEX IF NOT EXISTS "formation_formationslide_formation_id_14b30858" ON "formation_formationslide" ("formation_id");
CREATE INDEX IF NOT EXISTS "formation_formation_duration_id_ccf1c714" ON "formation_formation" ("duration_id");
CREATE INDEX IF NOT EXISTS "django_session_expire_date_a5c62663" ON "django_session" ("expire_date");
CREATE INDEX IF NOT EXISTS "developer_developer_country_id_29beb66b" ON "developer_developer" ("country_id");
CREATE INDEX IF NOT EXISTS "developer_developer_status_id_5033c081" ON "developer_developer" ("status_id");
CREATE INDEX IF NOT EXISTS "django_cron_cronjoblog_code_48865653" ON "django_cron_cronjoblog" ("code");
CREATE INDEX IF NOT EXISTS "django_cron_cronjoblog_start_time_d68c0dd9" ON "django_cron_cronjoblog" ("start_time");
CREATE INDEX IF NOT EXISTS "django_cron_cronjoblog_end_time_7918602a" ON "django_cron_cronjoblog" ("end_time");
CREATE INDEX IF NOT EXISTS "django_cron_cronjoblog_ran_at_time_7fed2751" ON "django_cron_cronjoblog" ("ran_at_time");
CREATE INDEX IF NOT EXISTS "django_cron_cronjoblog_code_start_time_ran_at_time_8b50b8fa_idx" ON "django_cron_cronjoblog" ("code", "start_time", "ran_at_time");
CREATE INDEX IF NOT EXISTS "django_cron_cronjoblog_code_is_success_ran_at_time_84da9606_idx" ON "django_cron_cronjoblog" ("code", "is_success", "ran_at_time");
CREATE INDEX IF NOT EXISTS "django_cron_cronjoblog_code_start_time_4fc78f9d_idx" ON "django_cron_cronjoblog" ("code", "start_time");
CREATE INDEX IF NOT EXISTS "developer_experience_developer_id_a7a9a055" ON "developer_experience" ("developer_id");
CREATE TABLE IF NOT EXISTS "developer_developer" ("updated_at" datetime NULL, "id" integer NOT NULL PRIMARY KEY AUTOINCREMENT, "name" varchar(255) NOT NULL, "firstName" varchar(255) NOT NULL, "phone" varchar(255) NOT NULL, "email" varchar(255) NOT NULL UNIQUE, "fixTel" varchar(255) NULL, "address" varchar(255) NOT NULL, "cv" varchar(255) NOT NULL, "photo" varchar(255) NOT NULL, "video" varchar(255) NULL, "otherCanal" varchar(255) NULL, "linkedin" varchar(255) NULL UNIQUE, "instagram" varchar(255) NULL UNIQUE, "facebook" varchar(255) NULL, "github" varchar(255) NULL UNIQUE, "gitlab" varchar(255) NULL UNIQUE, "bitbucket" varchar(255) NULL UNIQUE, "website" varchar(255) NULL UNIQUE, "tjm" integer NULL, "annotations" text NOT NULL, "availability" text NOT NULL, "modeReglement" varchar(255) NOT NULL, "bankAccount" varchar(255) NOT NULL, "created_at" datetime NULL, "sex" varchar(255) NOT NULL, "country_id" integer NOT NULL REFERENCES "address_country" ("id") DEFERRABLE INITIALLY DEFERRED, "status_id" integer NULL REFERENCES "developer_status" ("id") DEFERRABLE INITIALLY DEFERRED, "whatsApp" varchar(255) NULL UNIQUE);
INSERT INTO "developer_developer" VALUES('2023-05-19 16:34:04.274201',1,'Esse','Jaques','221778638471','dev@essejacques.co','221778638471','Point E, Dakar','developers/cvs/2023/05/17/esse_jacques_dansomon.pdf','developers/photos/2023/05/17/Afrofame-03_1.jpg','',NULL,NULL,NULL,NULL,NULL,NULL,NULL,NULL,NULL,'','','','','2023-05-17 16:20:01.693233','maculin',1,1,NULL);
INSERT INTO "developer_developer" VALUES('2023-05-19 13:47:32.826523',2,'zack','zackary','77895638','zack@gmail.com',NULL,'Amietie 2, Dakar','developers/cvs/2023/05/17/esse_jacques_dansomon_CexAABk.pdf','developers/photos/2023/05/17/Afrofame-02.jpg','',NULL,NULL,NULL,NULL,NULL,NULL,NULL,NULL,2,'','','','','2023-05-17 17:15:41.286420','maculin',1,1,NULL);
CREATE INDEX IF NOT EXISTS "address_address_country_id_cc79e617" ON "address_address" ("country_id");
CREATE UNIQUE INDEX "auth_group_permissions_group_id_permission_id_0cd325b0_uniq" ON "auth_group_permissions" ("group_id", "permission_id");
CREATE INDEX IF NOT EXISTS "auth_group_permissions_group_id_b120cbf9" ON "auth_group_permissions" ("group_id");
CREATE INDEX IF NOT EXISTS "auth_group_permissions_permission_id_84c5c92e" ON "auth_group_permissions" ("permission_id");
CREATE UNIQUE INDEX "auth_user_groups_user_id_group_id_94350c0c_uniq" ON "auth_user_groups" ("user_id", "group_id");
CREATE INDEX IF NOT EXISTS "auth_user_groups_user_id_6a12ed8b" ON "auth_user_groups" ("user_id");
CREATE INDEX IF NOT EXISTS "auth_user_groups_group_id_97559544" ON "auth_user_groups" ("group_id");
CREATE UNIQUE INDEX "auth_user_user_permissions_user_id_permission_id_14a6b632_uniq" ON "auth_user_user_permissions" ("user_id", "permission_id");
CREATE INDEX IF NOT EXISTS "auth_user_user_permissions_user_id_a95ead1b" ON "auth_user_user_permissions" ("user_id");
CREATE INDEX IF NOT EXISTS "auth_user_user_permissions_permission_id_1fbb5f2c" ON "auth_user_user_permissions" ("permission_id");
CREATE INDEX IF NOT EXISTS "django_admin_log_content_type_id_c4bce8eb" ON "django_admin_log" ("content_type_id");
CREATE INDEX IF NOT EXISTS "django_admin_log_user_id_c564eba6" ON "django_admin_log" ("user_id");
CREATE UNIQUE INDEX "django_content_type_app_label_model_76bd3d3b_uniq" ON "django_content_type" ("app_label", "model");
CREATE UNIQUE INDEX "auth_permission_content_type_id_codename_01ab375a_uniq" ON "auth_permission" ("content_type_id", "codename");
CREATE INDEX IF NOT EXISTS "auth_permission_content_type_id_2f476e4b" ON "auth_permission" ("content_type_id");
CREATE INDEX IF NOT EXISTS "skill_skill_category_id_0284a83d" ON "skill_skill" ("category_id");
CREATE INDEX IF NOT EXISTS "developer_developerskill_developer_id_857ae723" ON "developer_developerskill" ("developer_id");
CREATE INDEX IF NOT EXISTS "developer_developerskill_level_id_57dbe2f0" ON "developer_developerskill" ("level_id");
CREATE INDEX IF NOT EXISTS "developer_developerskill_skill_id_b7a718d8" ON "developer_developerskill" ("skill_id");
CREATE UNIQUE INDEX "developer_developer_languages_developer_id_language_id_abd27480_uniq" ON "developer_developer_languages" ("developer_id", "language_id");
CREATE INDEX IF NOT EXISTS "developer_developer_languages_developer_id_8743f2d7" ON "developer_developer_languages" ("developer_id");
CREATE INDEX IF NOT EXISTS "developer_developer_languages_language_id_df7d2c35" ON "developer_developer_languages" ("language_id");
CREATE INDEX IF NOT EXISTS "formation_project_formation_id_5db9765f" ON "formation_project" ("formation_id");
CREATE UNIQUE INDEX "formation_project_developers_project_id_developer_id_78da034e_uniq" ON "formation_project_developers" ("project_id", "developer_id");
CREATE INDEX IF NOT EXISTS "formation_project_developers_project_id_ca31a149" ON "formation_project_developers" ("project_id");
CREATE INDEX IF NOT EXISTS "formation_project_developers_developer_id_bfbd3053" ON "formation_project_developers" ("developer_id");
CREATE INDEX IF NOT EXISTS "formation_projectinvoice_project_id_b55366e1" ON "formation_projectinvoice" ("project_id");
CREATE UNIQUE INDEX "formation_project_invoices_project_id_projectinvoice_id_e443a7ba_uniq" ON "formation_project_invoices" ("project_id", "projectinvoice_id");
CREATE INDEX IF NOT EXISTS "formation_project_invoices_project_id_083c211a" ON "formation_project_invoices" ("project_id");
CREATE INDEX IF NOT EXISTS "formation_project_invoices_projectinvoice_id_b98be4b5" ON "formation_project_invoices" ("projectinvoice_id");
CREATE INDEX IF NOT EXISTS "formation_project_status_id_7aa4dd23" ON "formation_project" ("status_id");
CREATE INDEX IF NOT EXISTS "formation_partner_contact_id_a0a731ae" ON "formation_partner" ("contact_id");
CREATE INDEX IF NOT EXISTS "formation_formationslide_formation_id_14b30858" ON "formation_formationslide" ("formation_id");
CREATE INDEX IF NOT EXISTS "formation_formation_duration_id_ccf1c714" ON "formation_formation" ("duration_id");
CREATE INDEX IF NOT EXISTS "django_session_expire_date_a5c62663" ON "django_session" ("expire_date");
CREATE INDEX IF NOT EXISTS "developer_developer_country_id_29beb66b" ON "developer_developer" ("country_id");
CREATE INDEX IF NOT EXISTS "developer_developer_status_id_5033c081" ON "developer_developer" ("status_id");
CREATE INDEX IF NOT EXISTS "django_cron_cronjoblog_code_48865653" ON "django_cron_cronjoblog" ("code");
CREATE INDEX IF NOT EXISTS "django_cron_cronjoblog_start_time_d68c0dd9" ON "django_cron_cronjoblog" ("start_time");
CREATE INDEX IF NOT EXISTS "django_cron_cronjoblog_end_time_7918602a" ON "django_cron_cronjoblog" ("end_time");
CREATE INDEX IF NOT EXISTS "django_cron_cronjoblog_ran_at_time_7fed2751" ON "django_cron_cronjoblog" ("ran_at_time");
CREATE INDEX IF NOT EXISTS "django_cron_cronjoblog_code_start_time_ran_at_time_8b50b8fa_idx" ON "django_cron_cronjoblog" ("code", "start_time", "ran_at_time");
CREATE INDEX IF NOT EXISTS "django_cron_cronjoblog_code_is_success_ran_at_time_84da9606_idx" ON "django_cron_cronjoblog" ("code", "is_success", "ran_at_time");
CREATE INDEX IF NOT EXISTS "django_cron_cronjoblog_code_start_time_4fc78f9d_idx" ON "django_cron_cronjoblog" ("code", "start_time");
CREATE INDEX IF NOT EXISTS "developer_experience_developer_id_a7a9a055" ON "developer_experience" ("developer_id");
CREATE TABLE IF NOT EXISTS "developer_developer_languages" ("id" integer NOT NULL PRIMARY KEY AUTOINCREMENT, "developer_id" integer NOT NULL REFERENCES "developer_developer" ("id") DEFERRABLE INITIALLY DEFERRED, "language_id" integer NOT NULL REFERENCES "developer_language" ("id") DEFERRABLE INITIALLY DEFERRED);
INSERT INTO "developer_developer_languages" VALUES(3,1,1);
INSERT INTO "developer_developer_languages" VALUES(4,2,1);
INSERT INTO "developer_developer_languages" VALUES(5,2,2);
CREATE INDEX IF NOT EXISTS "address_address_country_id_cc79e617" ON "address_address" ("country_id");
CREATE UNIQUE INDEX "auth_group_permissions_group_id_permission_id_0cd325b0_uniq" ON "auth_group_permissions" ("group_id", "permission_id");
CREATE INDEX IF NOT EXISTS "auth_group_permissions_group_id_b120cbf9" ON "auth_group_permissions" ("group_id");
CREATE INDEX IF NOT EXISTS "auth_group_permissions_permission_id_84c5c92e" ON "auth_group_permissions" ("permission_id");
CREATE UNIQUE INDEX "auth_user_groups_user_id_group_id_94350c0c_uniq" ON "auth_user_groups" ("user_id", "group_id");
CREATE INDEX IF NOT EXISTS "auth_user_groups_user_id_6a12ed8b" ON "auth_user_groups" ("user_id");
CREATE INDEX IF NOT EXISTS "auth_user_groups_group_id_97559544" ON "auth_user_groups" ("group_id");
CREATE UNIQUE INDEX "auth_user_user_permissions_user_id_permission_id_14a6b632_uniq" ON "auth_user_user_permissions" ("user_id", "permission_id");
CREATE INDEX IF NOT EXISTS "auth_user_user_permissions_user_id_a95ead1b" ON "auth_user_user_permissions" ("user_id");
CREATE INDEX IF NOT EXISTS "auth_user_user_permissions_permission_id_1fbb5f2c" ON "auth_user_user_permissions" ("permission_id");
CREATE INDEX IF NOT EXISTS "django_admin_log_content_type_id_c4bce8eb" ON "django_admin_log" ("content_type_id");
CREATE INDEX IF NOT EXISTS "django_admin_log_user_id_c564eba6" ON "django_admin_log" ("user_id");
CREATE UNIQUE INDEX "django_content_type_app_label_model_76bd3d3b_uniq" ON "django_content_type" ("app_label", "model");
CREATE UNIQUE INDEX "auth_permission_content_type_id_codename_01ab375a_uniq" ON "auth_permission" ("content_type_id", "codename");
CREATE INDEX IF NOT EXISTS "auth_permission_content_type_id_2f476e4b" ON "auth_permission" ("content_type_id");
CREATE INDEX IF NOT EXISTS "skill_skill_category_id_0284a83d" ON "skill_skill" ("category_id");
CREATE INDEX IF NOT EXISTS "developer_developerskill_developer_id_857ae723" ON "developer_developerskill" ("developer_id");
CREATE INDEX IF NOT EXISTS "developer_developerskill_level_id_57dbe2f0" ON "developer_developerskill" ("level_id");
CREATE INDEX IF NOT EXISTS "developer_developerskill_skill_id_b7a718d8" ON "developer_developerskill" ("skill_id");
CREATE UNIQUE INDEX "developer_developer_languages_developer_id_language_id_abd27480_uniq" ON "developer_developer_languages" ("developer_id", "language_id");
CREATE INDEX IF NOT EXISTS "developer_developer_languages_developer_id_8743f2d7" ON "developer_developer_languages" ("developer_id");
CREATE INDEX IF NOT EXISTS "developer_developer_languages_language_id_df7d2c35" ON "developer_developer_languages" ("language_id");
CREATE INDEX IF NOT EXISTS "formation_project_formation_id_5db9765f" ON "formation_project" ("formation_id");
CREATE UNIQUE INDEX "formation_project_developers_project_id_developer_id_78da034e_uniq" ON "formation_project_developers" ("project_id", "developer_id");
CREATE INDEX IF NOT EXISTS "formation_project_developers_project_id_ca31a149" ON "formation_project_developers" ("project_id");
CREATE INDEX IF NOT EXISTS "formation_project_developers_developer_id_bfbd3053" ON "formation_project_developers" ("developer_id");
CREATE INDEX IF NOT EXISTS "formation_projectinvoice_project_id_b55366e1" ON "formation_projectinvoice" ("project_id");
CREATE UNIQUE INDEX "formation_project_invoices_project_id_projectinvoice_id_e443a7ba_uniq" ON "formation_project_invoices" ("project_id", "projectinvoice_id");
CREATE INDEX IF NOT EXISTS "formation_project_invoices_project_id_083c211a" ON "formation_project_invoices" ("project_id");
CREATE INDEX IF NOT EXISTS "formation_project_invoices_projectinvoice_id_b98be4b5" ON "formation_project_invoices" ("projectinvoice_id");
CREATE INDEX IF NOT EXISTS "formation_project_status_id_7aa4dd23" ON "formation_project" ("status_id");
CREATE INDEX IF NOT EXISTS "formation_partner_contact_id_a0a731ae" ON "formation_partner" ("contact_id");
CREATE INDEX IF NOT EXISTS "formation_formationslide_formation_id_14b30858" ON "formation_formationslide" ("formation_id");
CREATE INDEX IF NOT EXISTS "formation_formation_duration_id_ccf1c714" ON "formation_formation" ("duration_id");
CREATE INDEX IF NOT EXISTS "django_session_expire_date_a5c62663" ON "django_session" ("expire_date");
CREATE INDEX IF NOT EXISTS "developer_developer_country_id_29beb66b" ON "developer_developer" ("country_id");
CREATE INDEX IF NOT EXISTS "developer_developer_status_id_5033c081" ON "developer_developer" ("status_id");
CREATE INDEX IF NOT EXISTS "django_cron_cronjoblog_code_48865653" ON "django_cron_cronjoblog" ("code");
CREATE INDEX IF NOT EXISTS "django_cron_cronjoblog_start_time_d68c0dd9" ON "django_cron_cronjoblog" ("start_time");
CREATE INDEX IF NOT EXISTS "django_cron_cronjoblog_end_time_7918602a" ON "django_cron_cronjoblog" ("end_time");
CREATE INDEX IF NOT EXISTS "django_cron_cronjoblog_ran_at_time_7fed2751" ON "django_cron_cronjoblog" ("ran_at_time");
CREATE INDEX IF NOT EXISTS "django_cron_cronjoblog_code_start_time_ran_at_time_8b50b8fa_idx" ON "django_cron_cronjoblog" ("code", "start_time", "ran_at_time");
CREATE INDEX IF NOT EXISTS "django_cron_cronjoblog_code_is_success_ran_at_time_84da9606_idx" ON "django_cron_cronjoblog" ("code", "is_success", "ran_at_time");
CREATE INDEX IF NOT EXISTS "django_cron_cronjoblog_code_start_time_4fc78f9d_idx" ON "django_cron_cronjoblog" ("code", "start_time");
CREATE INDEX IF NOT EXISTS "developer_experience_developer_id_a7a9a055" ON "developer_experience" ("developer_id");
CREATE TABLE IF NOT EXISTS "developer_developerskill" ("id" integer NOT NULL PRIMARY KEY AUTOINCREMENT, "experience" integer NOT NULL, "developer_id" integer NOT NULL REFERENCES "developer_developer" ("id") DEFERRABLE INITIALLY DEFERRED, "level_id" integer NOT NULL REFERENCES "developer_level" ("id") DEFERRABLE INITIALLY DEFERRED, "skill_id" integer NOT NULL REFERENCES "skill_skill" ("id") DEFERRABLE INITIALLY DEFERRED);
INSERT INTO "developer_developerskill" VALUES(3,1,1,2,2);
INSERT INTO "developer_developerskill" VALUES(4,3,2,3,1);
INSERT INTO "developer_developerskill" VALUES(6,1,1,3,1);
CREATE INDEX IF NOT EXISTS "address_address_country_id_cc79e617" ON "address_address" ("country_id");
CREATE UNIQUE INDEX "auth_group_permissions_group_id_permission_id_0cd325b0_uniq" ON "auth_group_permissions" ("group_id", "permission_id");
CREATE INDEX IF NOT EXISTS "auth_group_permissions_group_id_b120cbf9" ON "auth_group_permissions" ("group_id");
CREATE INDEX IF NOT EXISTS "auth_group_permissions_permission_id_84c5c92e" ON "auth_group_permissions" ("permission_id");
CREATE UNIQUE INDEX "auth_user_groups_user_id_group_id_94350c0c_uniq" ON "auth_user_groups" ("user_id", "group_id");
CREATE INDEX IF NOT EXISTS "auth_user_groups_user_id_6a12ed8b" ON "auth_user_groups" ("user_id");
CREATE INDEX IF NOT EXISTS "auth_user_groups_group_id_97559544" ON "auth_user_groups" ("group_id");
CREATE UNIQUE INDEX "auth_user_user_permissions_user_id_permission_id_14a6b632_uniq" ON "auth_user_user_permissions" ("user_id", "permission_id");
CREATE INDEX IF NOT EXISTS "auth_user_user_permissions_user_id_a95ead1b" ON "auth_user_user_permissions" ("user_id");
CREATE INDEX IF NOT EXISTS "auth_user_user_permissions_permission_id_1fbb5f2c" ON "auth_user_user_permissions" ("permission_id");
CREATE INDEX IF NOT EXISTS "django_admin_log_content_type_id_c4bce8eb" ON "django_admin_log" ("content_type_id");
CREATE INDEX IF NOT EXISTS "django_admin_log_user_id_c564eba6" ON "django_admin_log" ("user_id");
CREATE UNIQUE INDEX "django_content_type_app_label_model_76bd3d3b_uniq" ON "django_content_type" ("app_label", "model");
CREATE UNIQUE INDEX "auth_permission_content_type_id_codename_01ab375a_uniq" ON "auth_permission" ("content_type_id", "codename");
CREATE INDEX IF NOT EXISTS "auth_permission_content_type_id_2f476e4b" ON "auth_permission" ("content_type_id");
CREATE INDEX IF NOT EXISTS "skill_skill_category_id_0284a83d" ON "skill_skill" ("category_id");
CREATE INDEX IF NOT EXISTS "developer_developerskill_developer_id_857ae723" ON "developer_developerskill" ("developer_id");
CREATE INDEX IF NOT EXISTS "developer_developerskill_level_id_57dbe2f0" ON "developer_developerskill" ("level_id");
CREATE INDEX IF NOT EXISTS "developer_developerskill_skill_id_b7a718d8" ON "developer_developerskill" ("skill_id");
CREATE UNIQUE INDEX "developer_developer_languages_developer_id_language_id_abd27480_uniq" ON "developer_developer_languages" ("developer_id", "language_id");
CREATE INDEX IF NOT EXISTS "developer_developer_languages_developer_id_8743f2d7" ON "developer_developer_languages" ("developer_id");
CREATE INDEX IF NOT EXISTS "developer_developer_languages_language_id_df7d2c35" ON "developer_developer_languages" ("language_id");
CREATE INDEX IF NOT EXISTS "formation_project_formation_id_5db9765f" ON "formation_project" ("formation_id");
CREATE UNIQUE INDEX "formation_project_developers_project_id_developer_id_78da034e_uniq" ON "formation_project_developers" ("project_id", "developer_id");
CREATE INDEX IF NOT EXISTS "formation_project_developers_project_id_ca31a149" ON "formation_project_developers" ("project_id");
CREATE INDEX IF NOT EXISTS "formation_project_developers_developer_id_bfbd3053" ON "formation_project_developers" ("developer_id");
CREATE INDEX IF NOT EXISTS "formation_projectinvoice_project_id_b55366e1" ON "formation_projectinvoice" ("project_id");
CREATE UNIQUE INDEX "formation_project_invoices_project_id_projectinvoice_id_e443a7ba_uniq" ON "formation_project_invoices" ("project_id", "projectinvoice_id");
CREATE INDEX IF NOT EXISTS "formation_project_invoices_project_id_083c211a" ON "formation_project_invoices" ("project_id");
CREATE INDEX IF NOT EXISTS "formation_project_invoices_projectinvoice_id_b98be4b5" ON "formation_project_invoices" ("projectinvoice_id");
CREATE INDEX IF NOT EXISTS "formation_project_status_id_7aa4dd23" ON "formation_project" ("status_id");
CREATE INDEX IF NOT EXISTS "formation_partner_contact_id_a0a731ae" ON "formation_partner" ("contact_id");
CREATE INDEX IF NOT EXISTS "formation_formationslide_formation_id_14b30858" ON "formation_formationslide" ("formation_id");
CREATE INDEX IF NOT EXISTS "formation_formation_duration_id_ccf1c714" ON "formation_formation" ("duration_id");
CREATE INDEX IF NOT EXISTS "django_session_expire_date_a5c62663" ON "django_session" ("expire_date");
CREATE INDEX IF NOT EXISTS "developer_developer_country_id_29beb66b" ON "developer_developer" ("country_id");
CREATE INDEX IF NOT EXISTS "developer_developer_status_id_5033c081" ON "developer_developer" ("status_id");
CREATE INDEX IF NOT EXISTS "django_cron_cronjoblog_code_48865653" ON "django_cron_cronjoblog" ("code");
CREATE INDEX IF NOT EXISTS "django_cron_cronjoblog_start_time_d68c0dd9" ON "django_cron_cronjoblog" ("start_time");
CREATE INDEX IF NOT EXISTS "django_cron_cronjoblog_end_time_7918602a" ON "django_cron_cronjoblog" ("end_time");
CREATE INDEX IF NOT EXISTS "django_cron_cronjoblog_ran_at_time_7fed2751" ON "django_cron_cronjoblog" ("ran_at_time");
CREATE INDEX IF NOT EXISTS "django_cron_cronjoblog_code_start_time_ran_at_time_8b50b8fa_idx" ON "django_cron_cronjoblog" ("code", "start_time", "ran_at_time");
CREATE INDEX IF NOT EXISTS "django_cron_cronjoblog_code_is_success_ran_at_time_84da9606_idx" ON "django_cron_cronjoblog" ("code", "is_success", "ran_at_time");
CREATE INDEX IF NOT EXISTS "django_cron_cronjoblog_code_start_time_4fc78f9d_idx" ON "django_cron_cronjoblog" ("code", "start_time");
CREATE INDEX IF NOT EXISTS "developer_experience_developer_id_a7a9a055" ON "developer_experience" ("developer_id");
CREATE TABLE IF NOT EXISTS "developer_experience" ("id" integer NOT NULL PRIMARY KEY AUTOINCREMENT, "title" varchar(255) NOT NULL, "description" text NOT NULL, "startDate" date NOT NULL, "endDate" date NULL, "isCurrent" bool NULL, "address" varchar(255) NOT NULL, "enterprise" varchar(255) NOT NULL, "developer_id" integer NOT NULL REFERENCES "developer_developer" ("id") DEFERRABLE INITIALLY DEFERRED);
INSERT INTO "developer_experience" VALUES(1,'Développerur front','je suis un dev front','2023-03-01',NULL,1,'Dakar','Multivers',2);
CREATE INDEX IF NOT EXISTS "address_address_country_id_cc79e617" ON "address_address" ("country_id");
CREATE UNIQUE INDEX "auth_group_permissions_group_id_permission_id_0cd325b0_uniq" ON "auth_group_permissions" ("group_id", "permission_id");
CREATE INDEX IF NOT EXISTS "auth_group_permissions_group_id_b120cbf9" ON "auth_group_permissions" ("group_id");
CREATE INDEX IF NOT EXISTS "auth_group_permissions_permission_id_84c5c92e" ON "auth_group_permissions" ("permission_id");
CREATE UNIQUE INDEX "auth_user_groups_user_id_group_id_94350c0c_uniq" ON "auth_user_groups" ("user_id", "group_id");
CREATE INDEX IF NOT EXISTS "auth_user_groups_user_id_6a12ed8b" ON "auth_user_groups" ("user_id");
CREATE INDEX IF NOT EXISTS "auth_user_groups_group_id_97559544" ON "auth_user_groups" ("group_id");
CREATE UNIQUE INDEX "auth_user_user_permissions_user_id_permission_id_14a6b632_uniq" ON "auth_user_user_permissions" ("user_id", "permission_id");
CREATE INDEX IF NOT EXISTS "auth_user_user_permissions_user_id_a95ead1b" ON "auth_user_user_permissions" ("user_id");
CREATE INDEX IF NOT EXISTS "auth_user_user_permissions_permission_id_1fbb5f2c" ON "auth_user_user_permissions" ("permission_id");
CREATE INDEX IF NOT EXISTS "django_admin_log_content_type_id_c4bce8eb" ON "django_admin_log" ("content_type_id");
CREATE INDEX IF NOT EXISTS "django_admin_log_user_id_c564eba6" ON "django_admin_log" ("user_id");
CREATE UNIQUE INDEX "django_content_type_app_label_model_76bd3d3b_uniq" ON "django_content_type" ("app_label", "model");
CREATE UNIQUE INDEX "auth_permission_content_type_id_codename_01ab375a_uniq" ON "auth_permission" ("content_type_id", "codename");
CREATE INDEX IF NOT EXISTS "auth_permission_content_type_id_2f476e4b" ON "auth_permission" ("content_type_id");
CREATE INDEX IF NOT EXISTS "skill_skill_category_id_0284a83d" ON "skill_skill" ("category_id");
CREATE INDEX IF NOT EXISTS "developer_developerskill_developer_id_857ae723" ON "developer_developerskill" ("developer_id");
CREATE INDEX IF NOT EXISTS "developer_developerskill_level_id_57dbe2f0" ON "developer_developerskill" ("level_id");
CREATE INDEX IF NOT EXISTS "developer_developerskill_skill_id_b7a718d8" ON "developer_developerskill" ("skill_id");
CREATE UNIQUE INDEX "developer_developer_languages_developer_id_language_id_abd27480_uniq" ON "developer_developer_languages" ("developer_id", "language_id");
CREATE INDEX IF NOT EXISTS "developer_developer_languages_developer_id_8743f2d7" ON "developer_developer_languages" ("developer_id");
CREATE INDEX IF NOT EXISTS "developer_developer_languages_language_id_df7d2c35" ON "developer_developer_languages" ("language_id");
CREATE INDEX IF NOT EXISTS "formation_project_formation_id_5db9765f" ON "formation_project" ("formation_id");
CREATE UNIQUE INDEX "formation_project_developers_project_id_developer_id_78da034e_uniq" ON "formation_project_developers" ("project_id", "developer_id");
CREATE INDEX IF NOT EXISTS "formation_project_developers_project_id_ca31a149" ON "formation_project_developers" ("project_id");
CREATE INDEX IF NOT EXISTS "formation_project_developers_developer_id_bfbd3053" ON "formation_project_developers" ("developer_id");
CREATE INDEX IF NOT EXISTS "formation_projectinvoice_project_id_b55366e1" ON "formation_projectinvoice" ("project_id");
CREATE UNIQUE INDEX "formation_project_invoices_project_id_projectinvoice_id_e443a7ba_uniq" ON "formation_project_invoices" ("project_id", "projectinvoice_id");
CREATE INDEX IF NOT EXISTS "formation_project_invoices_project_id_083c211a" ON "formation_project_invoices" ("project_id");
CREATE INDEX IF NOT EXISTS "formation_project_invoices_projectinvoice_id_b98be4b5" ON "formation_project_invoices" ("projectinvoice_id");
CREATE INDEX IF NOT EXISTS "formation_project_status_id_7aa4dd23" ON "formation_project" ("status_id");
CREATE INDEX IF NOT EXISTS "formation_partner_contact_id_a0a731ae" ON "formation_partner" ("contact_id");
CREATE INDEX IF NOT EXISTS "formation_formationslide_formation_id_14b30858" ON "formation_formationslide" ("formation_id");
CREATE INDEX IF NOT EXISTS "formation_formation_duration_id_ccf1c714" ON "formation_formation" ("duration_id");
CREATE INDEX IF NOT EXISTS "django_session_expire_date_a5c62663" ON "django_session" ("expire_date");
CREATE INDEX IF NOT EXISTS "developer_developer_country_id_29beb66b" ON "developer_developer" ("country_id");
CREATE INDEX IF NOT EXISTS "developer_developer_status_id_5033c081" ON "developer_developer" ("status_id");
CREATE INDEX IF NOT EXISTS "django_cron_cronjoblog_code_48865653" ON "django_cron_cronjoblog" ("code");
CREATE INDEX IF NOT EXISTS "django_cron_cronjoblog_start_time_d68c0dd9" ON "django_cron_cronjoblog" ("start_time");
CREATE INDEX IF NOT EXISTS "django_cron_cronjoblog_end_time_7918602a" ON "django_cron_cronjoblog" ("end_time");
CREATE INDEX IF NOT EXISTS "django_cron_cronjoblog_ran_at_time_7fed2751" ON "django_cron_cronjoblog" ("ran_at_time");
CREATE INDEX IF NOT EXISTS "django_cron_cronjoblog_code_start_time_ran_at_time_8b50b8fa_idx" ON "django_cron_cronjoblog" ("code", "start_time", "ran_at_time");
CREATE INDEX IF NOT EXISTS "django_cron_cronjoblog_code_is_success_ran_at_time_84da9606_idx" ON "django_cron_cronjoblog" ("code", "is_success", "ran_at_time");
CREATE INDEX IF NOT EXISTS "django_cron_cronjoblog_code_start_time_4fc78f9d_idx" ON "django_cron_cronjoblog" ("code", "start_time");
CREATE INDEX IF NOT EXISTS "developer_experience_developer_id_a7a9a055" ON "developer_experience" ("developer_id");
CREATE TABLE IF NOT EXISTS "developer_language" ("id" integer NOT NULL PRIMARY KEY AUTOINCREMENT, "name" varchar(255) NOT NULL UNIQUE, "code" varchar(255) NOT NULL);
INSERT INTO "developer_language" VALUES(1,'Français','fr');
INSERT INTO "developer_language" VALUES(2,'English','en');
INSERT INTO "developer_language" VALUES(3,'Español','es');
CREATE INDEX IF NOT EXISTS "address_address_country_id_cc79e617" ON "address_address" ("country_id");
CREATE UNIQUE INDEX "auth_group_permissions_group_id_permission_id_0cd325b0_uniq" ON "auth_group_permissions" ("group_id", "permission_id");
CREATE INDEX IF NOT EXISTS "auth_group_permissions_group_id_b120cbf9" ON "auth_group_permissions" ("group_id");
CREATE INDEX IF NOT EXISTS "auth_group_permissions_permission_id_84c5c92e" ON "auth_group_permissions" ("permission_id");
CREATE UNIQUE INDEX "auth_user_groups_user_id_group_id_94350c0c_uniq" ON "auth_user_groups" ("user_id", "group_id");
CREATE INDEX IF NOT EXISTS "auth_user_groups_user_id_6a12ed8b" ON "auth_user_groups" ("user_id");
CREATE INDEX IF NOT EXISTS "auth_user_groups_group_id_97559544" ON "auth_user_groups" ("group_id");
CREATE UNIQUE INDEX "auth_user_user_permissions_user_id_permission_id_14a6b632_uniq" ON "auth_user_user_permissions" ("user_id", "permission_id");
CREATE INDEX IF NOT EXISTS "auth_user_user_permissions_user_id_a95ead1b" ON "auth_user_user_permissions" ("user_id");
CREATE INDEX IF NOT EXISTS "auth_user_user_permissions_permission_id_1fbb5f2c" ON "auth_user_user_permissions" ("permission_id");
CREATE INDEX IF NOT EXISTS "django_admin_log_content_type_id_c4bce8eb" ON "django_admin_log" ("content_type_id");
CREATE INDEX IF NOT EXISTS "django_admin_log_user_id_c564eba6" ON "django_admin_log" ("user_id");
CREATE UNIQUE INDEX "django_content_type_app_label_model_76bd3d3b_uniq" ON "django_content_type" ("app_label", "model");
CREATE UNIQUE INDEX "auth_permission_content_type_id_codename_01ab375a_uniq" ON "auth_permission" ("content_type_id", "codename");
CREATE INDEX IF NOT EXISTS "auth_permission_content_type_id_2f476e4b" ON "auth_permission" ("content_type_id");
CREATE INDEX IF NOT EXISTS "skill_skill_category_id_0284a83d" ON "skill_skill" ("category_id");
CREATE INDEX IF NOT EXISTS "developer_developerskill_developer_id_857ae723" ON "developer_developerskill" ("developer_id");
CREATE INDEX IF NOT EXISTS "developer_developerskill_level_id_57dbe2f0" ON "developer_developerskill" ("level_id");
CREATE INDEX IF NOT EXISTS "developer_developerskill_skill_id_b7a718d8" ON "developer_developerskill" ("skill_id");
CREATE UNIQUE INDEX "developer_developer_languages_developer_id_language_id_abd27480_uniq" ON "developer_developer_languages" ("developer_id", "language_id");
CREATE INDEX IF NOT EXISTS "developer_developer_languages_developer_id_8743f2d7" ON "developer_developer_languages" ("developer_id");
CREATE INDEX IF NOT EXISTS "developer_developer_languages_language_id_df7d2c35" ON "developer_developer_languages" ("language_id");
CREATE INDEX IF NOT EXISTS "formation_project_formation_id_5db9765f" ON "formation_project" ("formation_id");
CREATE UNIQUE INDEX "formation_project_developers_project_id_developer_id_78da034e_uniq" ON "formation_project_developers" ("project_id", "developer_id");
CREATE INDEX IF NOT EXISTS "formation_project_developers_project_id_ca31a149" ON "formation_project_developers" ("project_id");
CREATE INDEX IF NOT EXISTS "formation_project_developers_developer_id_bfbd3053" ON "formation_project_developers" ("developer_id");
CREATE INDEX IF NOT EXISTS "formation_projectinvoice_project_id_b55366e1" ON "formation_projectinvoice" ("project_id");
CREATE UNIQUE INDEX "formation_project_invoices_project_id_projectinvoice_id_e443a7ba_uniq" ON "formation_project_invoices" ("project_id", "projectinvoice_id");
CREATE INDEX IF NOT EXISTS "formation_project_invoices_project_id_083c211a" ON "formation_project_invoices" ("project_id");
CREATE INDEX IF NOT EXISTS "formation_project_invoices_projectinvoice_id_b98be4b5" ON "formation_project_invoices" ("projectinvoice_id");
CREATE INDEX IF NOT EXISTS "formation_project_status_id_7aa4dd23" ON "formation_project" ("status_id");
CREATE INDEX IF NOT EXISTS "formation_partner_contact_id_a0a731ae" ON "formation_partner" ("contact_id");
CREATE INDEX IF NOT EXISTS "formation_formationslide_formation_id_14b30858" ON "formation_formationslide" ("formation_id");
CREATE INDEX IF NOT EXISTS "formation_formation_duration_id_ccf1c714" ON "formation_formation" ("duration_id");
CREATE INDEX IF NOT EXISTS "django_session_expire_date_a5c62663" ON "django_session" ("expire_date");
CREATE INDEX IF NOT EXISTS "developer_developer_country_id_29beb66b" ON "developer_developer" ("country_id");
CREATE INDEX IF NOT EXISTS "developer_developer_status_id_5033c081" ON "developer_developer" ("status_id");
CREATE INDEX IF NOT EXISTS "django_cron_cronjoblog_code_48865653" ON "django_cron_cronjoblog" ("code");
CREATE INDEX IF NOT EXISTS "django_cron_cronjoblog_start_time_d68c0dd9" ON "django_cron_cronjoblog" ("start_time");
CREATE INDEX IF NOT EXISTS "django_cron_cronjoblog_end_time_7918602a" ON "django_cron_cronjoblog" ("end_time");
CREATE INDEX IF NOT EXISTS "django_cron_cronjoblog_ran_at_time_7fed2751" ON "django_cron_cronjoblog" ("ran_at_time");
CREATE INDEX IF NOT EXISTS "django_cron_cronjoblog_code_start_time_ran_at_time_8b50b8fa_idx" ON "django_cron_cronjoblog" ("code", "start_time", "ran_at_time");
CREATE INDEX IF NOT EXISTS "django_cron_cronjoblog_code_is_success_ran_at_time_84da9606_idx" ON "django_cron_cronjoblog" ("code", "is_success", "ran_at_time");
CREATE INDEX IF NOT EXISTS "django_cron_cronjoblog_code_start_time_4fc78f9d_idx" ON "django_cron_cronjoblog" ("code", "start_time");
CREATE INDEX IF NOT EXISTS "developer_experience_developer_id_a7a9a055" ON "developer_experience" ("developer_id");
CREATE TABLE IF NOT EXISTS "developer_level" ("id" integer NOT NULL PRIMARY KEY AUTOINCREMENT, "name" varchar(255) NULL UNIQUE, "order" integer NULL UNIQUE);
INSERT INTO "developer_level" VALUES(1,'Junior',1);
INSERT INTO "developer_level" VALUES(2,'Intermediare',2);
INSERT INTO "developer_level" VALUES(3,'Senior',3);
INSERT INTO "developer_level" VALUES(4,'Expert',4);
CREATE INDEX IF NOT EXISTS "address_address_country_id_cc79e617" ON "address_address" ("country_id");
CREATE UNIQUE INDEX "auth_group_permissions_group_id_permission_id_0cd325b0_uniq" ON "auth_group_permissions" ("group_id", "permission_id");
CREATE INDEX IF NOT EXISTS "auth_group_permissions_group_id_b120cbf9" ON "auth_group_permissions" ("group_id");
CREATE INDEX IF NOT EXISTS "auth_group_permissions_permission_id_84c5c92e" ON "auth_group_permissions" ("permission_id");
CREATE UNIQUE INDEX "auth_user_groups_user_id_group_id_94350c0c_uniq" ON "auth_user_groups" ("user_id", "group_id");
CREATE INDEX IF NOT EXISTS "auth_user_groups_user_id_6a12ed8b" ON "auth_user_groups" ("user_id");
CREATE INDEX IF NOT EXISTS "auth_user_groups_group_id_97559544" ON "auth_user_groups" ("group_id");
CREATE UNIQUE INDEX "auth_user_user_permissions_user_id_permission_id_14a6b632_uniq" ON "auth_user_user_permissions" ("user_id", "permission_id");
CREATE INDEX IF NOT EXISTS "auth_user_user_permissions_user_id_a95ead1b" ON "auth_user_user_permissions" ("user_id");
CREATE INDEX IF NOT EXISTS "auth_user_user_permissions_permission_id_1fbb5f2c" ON "auth_user_user_permissions" ("permission_id");
CREATE INDEX IF NOT EXISTS "django_admin_log_content_type_id_c4bce8eb" ON "django_admin_log" ("content_type_id");
CREATE INDEX IF NOT EXISTS "django_admin_log_user_id_c564eba6" ON "django_admin_log" ("user_id");
CREATE UNIQUE INDEX "django_content_type_app_label_model_76bd3d3b_uniq" ON "django_content_type" ("app_label", "model");
CREATE UNIQUE INDEX "auth_permission_content_type_id_codename_01ab375a_uniq" ON "auth_permission" ("content_type_id", "codename");
CREATE INDEX IF NOT EXISTS "auth_permission_content_type_id_2f476e4b" ON "auth_permission" ("content_type_id");
CREATE INDEX IF NOT EXISTS "skill_skill_category_id_0284a83d" ON "skill_skill" ("category_id");
CREATE INDEX IF NOT EXISTS "developer_developerskill_developer_id_857ae723" ON "developer_developerskill" ("developer_id");
CREATE INDEX IF NOT EXISTS "developer_developerskill_level_id_57dbe2f0" ON "developer_developerskill" ("level_id");
CREATE INDEX IF NOT EXISTS "developer_developerskill_skill_id_b7a718d8" ON "developer_developerskill" ("skill_id");
CREATE UNIQUE INDEX "developer_developer_languages_developer_id_language_id_abd27480_uniq" ON "developer_developer_languages" ("developer_id", "language_id");
CREATE INDEX IF NOT EXISTS "developer_developer_languages_developer_id_8743f2d7" ON "developer_developer_languages" ("developer_id");
CREATE INDEX IF NOT EXISTS "developer_developer_languages_language_id_df7d2c35" ON "developer_developer_languages" ("language_id");
CREATE INDEX IF NOT EXISTS "formation_project_formation_id_5db9765f" ON "formation_project" ("formation_id");
CREATE UNIQUE INDEX "formation_project_developers_project_id_developer_id_78da034e_uniq" ON "formation_project_developers" ("project_id", "developer_id");
CREATE INDEX IF NOT EXISTS "formation_project_developers_project_id_ca31a149" ON "formation_project_developers" ("project_id");
CREATE INDEX IF NOT EXISTS "formation_project_developers_developer_id_bfbd3053" ON "formation_project_developers" ("developer_id");
CREATE INDEX IF NOT EXISTS "formation_projectinvoice_project_id_b55366e1" ON "formation_projectinvoice" ("project_id");
CREATE UNIQUE INDEX "formation_project_invoices_project_id_projectinvoice_id_e443a7ba_uniq" ON "formation_project_invoices" ("project_id", "projectinvoice_id");
CREATE INDEX IF NOT EXISTS "formation_project_invoices_project_id_083c211a" ON "formation_project_invoices" ("project_id");
CREATE INDEX IF NOT EXISTS "formation_project_invoices_projectinvoice_id_b98be4b5" ON "formation_project_invoices" ("projectinvoice_id");
CREATE INDEX IF NOT EXISTS "formation_project_status_id_7aa4dd23" ON "formation_project" ("status_id");
CREATE INDEX IF NOT EXISTS "formation_partner_contact_id_a0a731ae" ON "formation_partner" ("contact_id");
CREATE INDEX IF NOT EXISTS "formation_formationslide_formation_id_14b30858" ON "formation_formationslide" ("formation_id");
CREATE INDEX IF NOT EXISTS "formation_formation_duration_id_ccf1c714" ON "formation_formation" ("duration_id");
CREATE INDEX IF NOT EXISTS "django_session_expire_date_a5c62663" ON "django_session" ("expire_date");
CREATE INDEX IF NOT EXISTS "developer_developer_country_id_29beb66b" ON "developer_developer" ("country_id");
CREATE INDEX IF NOT EXISTS "developer_developer_status_id_5033c081" ON "developer_developer" ("status_id");
CREATE INDEX IF NOT EXISTS "django_cron_cronjoblog_code_48865653" ON "django_cron_cronjoblog" ("code");
CREATE INDEX IF NOT EXISTS "django_cron_cronjoblog_start_time_d68c0dd9" ON "django_cron_cronjoblog" ("start_time");
CREATE INDEX IF NOT EXISTS "django_cron_cronjoblog_end_time_7918602a" ON "django_cron_cronjoblog" ("end_time");
CREATE INDEX IF NOT EXISTS "django_cron_cronjoblog_ran_at_time_7fed2751" ON "django_cron_cronjoblog" ("ran_at_time");
CREATE INDEX IF NOT EXISTS "django_cron_cronjoblog_code_start_time_ran_at_time_8b50b8fa_idx" ON "django_cron_cronjoblog" ("code", "start_time", "ran_at_time");
CREATE INDEX IF NOT EXISTS "django_cron_cronjoblog_code_is_success_ran_at_time_84da9606_idx" ON "django_cron_cronjoblog" ("code", "is_success", "ran_at_time");
CREATE INDEX IF NOT EXISTS "django_cron_cronjoblog_code_start_time_4fc78f9d_idx" ON "django_cron_cronjoblog" ("code", "start_time");
CREATE INDEX IF NOT EXISTS "developer_experience_developer_id_a7a9a055" ON "developer_experience" ("developer_id");
CREATE TABLE IF NOT EXISTS "developer_status" ("id" integer NOT NULL PRIMARY KEY AUTOINCREMENT, "name" varchar(255) NULL UNIQUE, "isDefault" bool NOT NULL);
INSERT INTO "developer_status" VALUES(1,'No Lu',1);
INSERT INTO "developer_status" VALUES(2,'Lu',0);
INSERT INTO "developer_status" VALUES(3,'Retenu pour entretien',0);
CREATE INDEX IF NOT EXISTS "address_address_country_id_cc79e617" ON "address_address" ("country_id");
CREATE UNIQUE INDEX "auth_group_permissions_group_id_permission_id_0cd325b0_uniq" ON "auth_group_permissions" ("group_id", "permission_id");
CREATE INDEX IF NOT EXISTS "auth_group_permissions_group_id_b120cbf9" ON "auth_group_permissions" ("group_id");
CREATE INDEX IF NOT EXISTS "auth_group_permissions_permission_id_84c5c92e" ON "auth_group_permissions" ("permission_id");
CREATE UNIQUE INDEX "auth_user_groups_user_id_group_id_94350c0c_uniq" ON "auth_user_groups" ("user_id", "group_id");
CREATE INDEX IF NOT EXISTS "auth_user_groups_user_id_6a12ed8b" ON "auth_user_groups" ("user_id");
CREATE INDEX IF NOT EXISTS "auth_user_groups_group_id_97559544" ON "auth_user_groups" ("group_id");
CREATE UNIQUE INDEX "auth_user_user_permissions_user_id_permission_id_14a6b632_uniq" ON "auth_user_user_permissions" ("user_id", "permission_id");
CREATE INDEX IF NOT EXISTS "auth_user_user_permissions_user_id_a95ead1b" ON "auth_user_user_permissions" ("user_id");
CREATE INDEX IF NOT EXISTS "auth_user_user_permissions_permission_id_1fbb5f2c" ON "auth_user_user_permissions" ("permission_id");
CREATE INDEX IF NOT EXISTS "django_admin_log_content_type_id_c4bce8eb" ON "django_admin_log" ("content_type_id");
CREATE INDEX IF NOT EXISTS "django_admin_log_user_id_c564eba6" ON "django_admin_log" ("user_id");
CREATE UNIQUE INDEX "django_content_type_app_label_model_76bd3d3b_uniq" ON "django_content_type" ("app_label", "model");
CREATE UNIQUE INDEX "auth_permission_content_type_id_codename_01ab375a_uniq" ON "auth_permission" ("content_type_id", "codename");
CREATE INDEX IF NOT EXISTS "auth_permission_content_type_id_2f476e4b" ON "auth_permission" ("content_type_id");
CREATE INDEX IF NOT EXISTS "skill_skill_category_id_0284a83d" ON "skill_skill" ("category_id");
CREATE INDEX IF NOT EXISTS "developer_developerskill_developer_id_857ae723" ON "developer_developerskill" ("developer_id");
CREATE INDEX IF NOT EXISTS "developer_developerskill_level_id_57dbe2f0" ON "developer_developerskill" ("level_id");
CREATE INDEX IF NOT EXISTS "developer_developerskill_skill_id_b7a718d8" ON "developer_developerskill" ("skill_id");
CREATE UNIQUE INDEX "developer_developer_languages_developer_id_language_id_abd27480_uniq" ON "developer_developer_languages" ("developer_id", "language_id");
CREATE INDEX IF NOT EXISTS "developer_developer_languages_developer_id_8743f2d7" ON "developer_developer_languages" ("developer_id");
CREATE INDEX IF NOT EXISTS "developer_developer_languages_language_id_df7d2c35" ON "developer_developer_languages" ("language_id");
CREATE INDEX IF NOT EXISTS "formation_project_formation_id_5db9765f" ON "formation_project" ("formation_id");
CREATE UNIQUE INDEX "formation_project_developers_project_id_developer_id_78da034e_uniq" ON "formation_project_developers" ("project_id", "developer_id");
CREATE INDEX IF NOT EXISTS "formation_project_developers_project_id_ca31a149" ON "formation_project_developers" ("project_id");
CREATE INDEX IF NOT EXISTS "formation_project_developers_developer_id_bfbd3053" ON "formation_project_developers" ("developer_id");
CREATE INDEX IF NOT EXISTS "formation_projectinvoice_project_id_b55366e1" ON "formation_projectinvoice" ("project_id");
CREATE UNIQUE INDEX "formation_project_invoices_project_id_projectinvoice_id_e443a7ba_uniq" ON "formation_project_invoices" ("project_id", "projectinvoice_id");
CREATE INDEX IF NOT EXISTS "formation_project_invoices_project_id_083c211a" ON "formation_project_invoices" ("project_id");
CREATE INDEX IF NOT EXISTS "formation_project_invoices_projectinvoice_id_b98be4b5" ON "formation_project_invoices" ("projectinvoice_id");
CREATE INDEX IF NOT EXISTS "formation_project_status_id_7aa4dd23" ON "formation_project" ("status_id");
CREATE INDEX IF NOT EXISTS "formation_partner_contact_id_a0a731ae" ON "formation_partner" ("contact_id");
CREATE INDEX IF NOT EXISTS "formation_formationslide_formation_id_14b30858" ON "formation_formationslide" ("formation_id");
CREATE INDEX IF NOT EXISTS "formation_formation_duration_id_ccf1c714" ON "formation_formation" ("duration_id");
CREATE INDEX IF NOT EXISTS "django_session_expire_date_a5c62663" ON "django_session" ("expire_date");
CREATE INDEX IF NOT EXISTS "developer_developer_country_id_29beb66b" ON "developer_developer" ("country_id");
CREATE INDEX IF NOT EXISTS "developer_developer_status_id_5033c081" ON "developer_developer" ("status_id");
CREATE INDEX IF NOT EXISTS "django_cron_cronjoblog_code_48865653" ON "django_cron_cronjoblog" ("code");
CREATE INDEX IF NOT EXISTS "django_cron_cronjoblog_start_time_d68c0dd9" ON "django_cron_cronjoblog" ("start_time");
CREATE INDEX IF NOT EXISTS "django_cron_cronjoblog_end_time_7918602a" ON "django_cron_cronjoblog" ("end_time");
CREATE INDEX IF NOT EXISTS "django_cron_cronjoblog_ran_at_time_7fed2751" ON "django_cron_cronjoblog" ("ran_at_time");
CREATE INDEX IF NOT EXISTS "django_cron_cronjoblog_code_start_time_ran_at_time_8b50b8fa_idx" ON "django_cron_cronjoblog" ("code", "start_time", "ran_at_time");
CREATE INDEX IF NOT EXISTS "django_cron_cronjoblog_code_is_success_ran_at_time_84da9606_idx" ON "django_cron_cronjoblog" ("code", "is_success", "ran_at_time");
CREATE INDEX IF NOT EXISTS "django_cron_cronjoblog_code_start_time_4fc78f9d_idx" ON "django_cron_cronjoblog" ("code", "start_time");
CREATE INDEX IF NOT EXISTS "developer_experience_developer_id_a7a9a055" ON "developer_experience" ("developer_id");
CREATE TABLE IF NOT EXISTS "django_admin_log" ("id" integer NOT NULL PRIMARY KEY AUTOINCREMENT, "object_id" text NULL, "object_repr" varchar(200) NOT NULL, "action_flag" smallint unsigned NOT NULL CHECK ("action_flag" >= 0), "change_message" text NOT NULL, "content_type_id" integer NULL REFERENCES "django_content_type" ("id") DEFERRABLE INITIALLY DEFERRED, "user_id" integer NOT NULL REFERENCES "auth_user" ("id") DEFERRABLE INITIALLY DEFERRED, "action_time" datetime NOT NULL);
INSERT INTO "django_admin_log" VALUES(1,'1','Esse',1,'[{"added": {}}, {"added": {"name": "Competence du developpeur", "object": "Django : Intermediare"}}]',3,1,'2023-05-17 16:05:01.504773');
INSERT INTO "django_admin_log" VALUES(2,'2','Esse',1,'[{"added": {}}, {"added": {"name": "Competence du developpeur", "object": "Django : Intermediare"}}]',3,1,'2023-05-17 16:05:41.463748');
INSERT INTO "django_admin_log" VALUES(3,'2','Esse',3,'',3,1,'2023-05-17 16:09:48.076247');
INSERT INTO "django_admin_log" VALUES(4,'1','Esse',3,'',3,1,'2023-05-17 16:09:48.079419');
INSERT INTO "django_admin_log" VALUES(5,'1','Esse',1,'[{"added": {}}, {"added": {"name": "Competence du developpeur", "object": "Django : Intermediare"}}]',3,1,'2023-05-17 16:20:01.697490');
INSERT INTO "django_admin_log" VALUES(6,'2','zack',1,'[{"added": {}}, {"added": {"name": "Competence du developpeur", "object": "Flutter : Senior"}}]',3,1,'2023-05-17 17:15:41.290453');
INSERT INTO "django_admin_log" VALUES(7,'2','zack',2,'[{"changed": {"fields": ["Tjm"]}}]',3,1,'2023-05-17 17:17:14.388391');
INSERT INTO "django_admin_log" VALUES(8,'3','Italie',1,'[{"added": {}}]',1,1,'2023-05-17 17:25:54.504044');
INSERT INTO "django_admin_log" VALUES(9,'1','Esse',2,'[{"added": {"name": "Competence du developpeur", "object": "Flutter : Senior"}}]',3,1,'2023-05-17 17:36:47.046818');
INSERT INTO "django_admin_log" VALUES(10,'1','Esse',2,'[{"deleted": {"name": "Competence du developpeur", "object": "Flutter : Senior"}}]',3,1,'2023-05-17 17:42:04.145319');
INSERT INTO "django_admin_log" VALUES(11,'1','Ultra',2,'[{"changed": {"fields": ["Name", "Title"]}}]',25,1,'2023-05-18 10:02:39.276278');
INSERT INTO "django_admin_log" VALUES(12,'1','Ultra',2,'[{"changed": {"fields": ["Sticky submit"]}}]',25,1,'2023-05-18 10:03:10.530422');
INSERT INTO "django_admin_log" VALUES(13,'1','Ultra',2,'[{"changed": {"fields": ["Sticky pagination", "Fieldsets as tabs", "Inlines as tabs", "Collapsible stacked inlines", "Collapsible tabular inlines"]}}]',25,1,'2023-05-18 18:30:23.218714');
INSERT INTO "django_admin_log" VALUES(14,'2','zack',2,'[]',3,1,'2023-05-18 18:30:55.155932');
INSERT INTO "django_admin_log" VALUES(15,'1','Ultra',2,'[{"changed": {"fields": ["Fieldsets as tabs", "Inlines as tabs"]}}]',25,1,'2023-05-18 18:31:57.024496');
INSERT INTO "django_admin_log" VALUES(16,'1','Ultra',2,'[{"changed": {"fields": ["Inlines as tabs"]}}]',25,1,'2023-05-18 18:55:38.135334');
INSERT INTO "django_admin_log" VALUES(17,'1','Ultra',2,'[{"changed": {"fields": ["Inlines as tabs"]}}]',25,1,'2023-05-18 18:56:40.601102');
INSERT INTO "django_admin_log" VALUES(18,'2','zack',2,'[{"added": {"name": "Exp\u00e9rience", "object": "D\u00e9velopperur front"}}]',3,1,'2023-05-19 13:47:32.832637');
INSERT INTO "django_admin_log" VALUES(19,'1','Esse',2,'[{"added": {"name": "Competence du developpeur", "object": "Flutter : Senior"}}]',3,1,'2023-05-19 16:34:04.284584');
CREATE INDEX IF NOT EXISTS "address_address_country_id_cc79e617" ON "address_address" ("country_id");
CREATE UNIQUE INDEX "auth_group_permissions_group_id_permission_id_0cd325b0_uniq" ON "auth_group_permissions" ("group_id", "permission_id");
CREATE INDEX IF NOT EXISTS "auth_group_permissions_group_id_b120cbf9" ON "auth_group_permissions" ("group_id");
CREATE INDEX IF NOT EXISTS "auth_group_permissions_permission_id_84c5c92e" ON "auth_group_permissions" ("permission_id");
CREATE UNIQUE INDEX "auth_user_groups_user_id_group_id_94350c0c_uniq" ON "auth_user_groups" ("user_id", "group_id");
CREATE INDEX IF NOT EXISTS "auth_user_groups_user_id_6a12ed8b" ON "auth_user_groups" ("user_id");
CREATE INDEX IF NOT EXISTS "auth_user_groups_group_id_97559544" ON "auth_user_groups" ("group_id");
CREATE UNIQUE INDEX "auth_user_user_permissions_user_id_permission_id_14a6b632_uniq" ON "auth_user_user_permissions" ("user_id", "permission_id");
CREATE INDEX IF NOT EXISTS "auth_user_user_permissions_user_id_a95ead1b" ON "auth_user_user_permissions" ("user_id");
CREATE INDEX IF NOT EXISTS "auth_user_user_permissions_permission_id_1fbb5f2c" ON "auth_user_user_permissions" ("permission_id");
CREATE INDEX IF NOT EXISTS "django_admin_log_content_type_id_c4bce8eb" ON "django_admin_log" ("content_type_id");
CREATE INDEX IF NOT EXISTS "django_admin_log_user_id_c564eba6" ON "django_admin_log" ("user_id");
CREATE UNIQUE INDEX "django_content_type_app_label_model_76bd3d3b_uniq" ON "django_content_type" ("app_label", "model");
CREATE UNIQUE INDEX "auth_permission_content_type_id_codename_01ab375a_uniq" ON "auth_permission" ("content_type_id", "codename");
CREATE INDEX IF NOT EXISTS "auth_permission_content_type_id_2f476e4b" ON "auth_permission" ("content_type_id");
CREATE INDEX IF NOT EXISTS "skill_skill_category_id_0284a83d" ON "skill_skill" ("category_id");
CREATE INDEX IF NOT EXISTS "developer_developerskill_developer_id_857ae723" ON "developer_developerskill" ("developer_id");
CREATE INDEX IF NOT EXISTS "developer_developerskill_level_id_57dbe2f0" ON "developer_developerskill" ("level_id");
CREATE INDEX IF NOT EXISTS "developer_developerskill_skill_id_b7a718d8" ON "developer_developerskill" ("skill_id");
CREATE UNIQUE INDEX "developer_developer_languages_developer_id_language_id_abd27480_uniq" ON "developer_developer_languages" ("developer_id", "language_id");
CREATE INDEX IF NOT EXISTS "developer_developer_languages_developer_id_8743f2d7" ON "developer_developer_languages" ("developer_id");
CREATE INDEX IF NOT EXISTS "developer_developer_languages_language_id_df7d2c35" ON "developer_developer_languages" ("language_id");
CREATE INDEX IF NOT EXISTS "formation_project_formation_id_5db9765f" ON "formation_project" ("formation_id");
CREATE UNIQUE INDEX "formation_project_developers_project_id_developer_id_78da034e_uniq" ON "formation_project_developers" ("project_id", "developer_id");
CREATE INDEX IF NOT EXISTS "formation_project_developers_project_id_ca31a149" ON "formation_project_developers" ("project_id");
CREATE INDEX IF NOT EXISTS "formation_project_developers_developer_id_bfbd3053" ON "formation_project_developers" ("developer_id");
CREATE INDEX IF NOT EXISTS "formation_projectinvoice_project_id_b55366e1" ON "formation_projectinvoice" ("project_id");
CREATE UNIQUE INDEX "formation_project_invoices_project_id_projectinvoice_id_e443a7ba_uniq" ON "formation_project_invoices" ("project_id", "projectinvoice_id");
CREATE INDEX IF NOT EXISTS "formation_project_invoices_project_id_083c211a" ON "formation_project_invoices" ("project_id");
CREATE INDEX IF NOT EXISTS "formation_project_invoices_projectinvoice_id_b98be4b5" ON "formation_project_invoices" ("projectinvoice_id");
CREATE INDEX IF NOT EXISTS "formation_project_status_id_7aa4dd23" ON "formation_project" ("status_id");
CREATE INDEX IF NOT EXISTS "formation_partner_contact_id_a0a731ae" ON "formation_partner" ("contact_id");
CREATE INDEX IF NOT EXISTS "formation_formationslide_formation_id_14b30858" ON "formation_formationslide" ("formation_id");
CREATE INDEX IF NOT EXISTS "formation_formation_duration_id_ccf1c714" ON "formation_formation" ("duration_id");
CREATE INDEX IF NOT EXISTS "django_session_expire_date_a5c62663" ON "django_session" ("expire_date");
CREATE INDEX IF NOT EXISTS "developer_developer_country_id_29beb66b" ON "developer_developer" ("country_id");
CREATE INDEX IF NOT EXISTS "developer_developer_status_id_5033c081" ON "developer_developer" ("status_id");
CREATE INDEX IF NOT EXISTS "django_cron_cronjoblog_code_48865653" ON "django_cron_cronjoblog" ("code");
CREATE INDEX IF NOT EXISTS "django_cron_cronjoblog_start_time_d68c0dd9" ON "django_cron_cronjoblog" ("start_time");
CREATE INDEX IF NOT EXISTS "django_cron_cronjoblog_end_time_7918602a" ON "django_cron_cronjoblog" ("end_time");
CREATE INDEX IF NOT EXISTS "django_cron_cronjoblog_ran_at_time_7fed2751" ON "django_cron_cronjoblog" ("ran_at_time");
CREATE INDEX IF NOT EXISTS "django_cron_cronjoblog_code_start_time_ran_at_time_8b50b8fa_idx" ON "django_cron_cronjoblog" ("code", "start_time", "ran_at_time");
CREATE INDEX IF NOT EXISTS "django_cron_cronjoblog_code_is_success_ran_at_time_84da9606_idx" ON "django_cron_cronjoblog" ("code", "is_success", "ran_at_time");
CREATE INDEX IF NOT EXISTS "django_cron_cronjoblog_code_start_time_4fc78f9d_idx" ON "django_cron_cronjoblog" ("code", "start_time");
CREATE INDEX IF NOT EXISTS "developer_experience_developer_id_a7a9a055" ON "developer_experience" ("developer_id");
CREATE TABLE IF NOT EXISTS "django_content_type" ("id" integer NOT NULL PRIMARY KEY AUTOINCREMENT, "app_label" varchar(100) NOT NULL, "model" varchar(100) NOT NULL);
INSERT INTO "django_content_type" VALUES(1,'address','country');
INSERT INTO "django_content_type" VALUES(2,'address','address');
INSERT INTO "django_content_type" VALUES(3,'developer','developer');
INSERT INTO "django_content_type" VALUES(4,'developer','language');
INSERT INTO "django_content_type" VALUES(5,'developer','level');
INSERT INTO "django_content_type" VALUES(6,'developer','status');
INSERT INTO "django_content_type" VALUES(7,'developer','developerskill');
INSERT INTO "django_content_type" VALUES(8,'config','config');
INSERT INTO "django_content_type" VALUES(9,'skill','skillcategory');
INSERT INTO "django_content_type" VALUES(10,'skill','skill');
INSERT INTO "django_content_type" VALUES(11,'formation','contact');
INSERT INTO "django_content_type" VALUES(12,'formation','formation');
INSERT INTO "django_content_type" VALUES(13,'formation','formationduration');
INSERT INTO "django_content_type" VALUES(14,'formation','project');
INSERT INTO "django_content_type" VALUES(15,'formation','projectstatus');
INSERT INTO "django_content_type" VALUES(16,'formation','projectinvoice');
INSERT INTO "django_content_type" VALUES(17,'formation','partner');
INSERT INTO "django_content_type" VALUES(18,'formation','formationslide');
INSERT INTO "django_content_type" VALUES(19,'admin','logentry');
INSERT INTO "django_content_type" VALUES(20,'auth','permission');
INSERT INTO "django_content_type" VALUES(21,'auth','group');
INSERT INTO "django_content_type" VALUES(22,'auth','user');
INSERT INTO "django_content_type" VALUES(23,'contenttypes','contenttype');
INSERT INTO "django_content_type" VALUES(24,'sessions','session');
INSERT INTO "django_content_type" VALUES(25,'admin_interface','theme');
INSERT INTO "django_content_type" VALUES(26,'django_cron','cronjoblog');
INSERT INTO "django_content_type" VALUES(27,'django_cron','cronjoblock');
INSERT INTO "django_content_type" VALUES(28,'developer','experience');
CREATE INDEX IF NOT EXISTS "address_address_country_id_cc79e617" ON "address_address" ("country_id");
CREATE UNIQUE INDEX "auth_group_permissions_group_id_permission_id_0cd325b0_uniq" ON "auth_group_permissions" ("group_id", "permission_id");
CREATE INDEX IF NOT EXISTS "auth_group_permissions_group_id_b120cbf9" ON "auth_group_permissions" ("group_id");
CREATE INDEX IF NOT EXISTS "auth_group_permissions_permission_id_84c5c92e" ON "auth_group_permissions" ("permission_id");
CREATE UNIQUE INDEX "auth_user_groups_user_id_group_id_94350c0c_uniq" ON "auth_user_groups" ("user_id", "group_id");
CREATE INDEX IF NOT EXISTS "auth_user_groups_user_id_6a12ed8b" ON "auth_user_groups" ("user_id");
CREATE INDEX IF NOT EXISTS "auth_user_groups_group_id_97559544" ON "auth_user_groups" ("group_id");
CREATE UNIQUE INDEX "auth_user_user_permissions_user_id_permission_id_14a6b632_uniq" ON "auth_user_user_permissions" ("user_id", "permission_id");
CREATE INDEX IF NOT EXISTS "auth_user_user_permissions_user_id_a95ead1b" ON "auth_user_user_permissions" ("user_id");
CREATE INDEX IF NOT EXISTS "auth_user_user_permissions_permission_id_1fbb5f2c" ON "auth_user_user_permissions" ("permission_id");
CREATE INDEX IF NOT EXISTS "django_admin_log_content_type_id_c4bce8eb" ON "django_admin_log" ("content_type_id");
CREATE INDEX IF NOT EXISTS "django_admin_log_user_id_c564eba6" ON "django_admin_log" ("user_id");
CREATE UNIQUE INDEX "django_content_type_app_label_model_76bd3d3b_uniq" ON "django_content_type" ("app_label", "model");
CREATE UNIQUE INDEX "auth_permission_content_type_id_codename_01ab375a_uniq" ON "auth_permission" ("content_type_id", "codename");
CREATE INDEX IF NOT EXISTS "auth_permission_content_type_id_2f476e4b" ON "auth_permission" ("content_type_id");
CREATE INDEX IF NOT EXISTS "skill_skill_category_id_0284a83d" ON "skill_skill" ("category_id");
CREATE INDEX IF NOT EXISTS "developer_developerskill_developer_id_857ae723" ON "developer_developerskill" ("developer_id");
CREATE INDEX IF NOT EXISTS "developer_developerskill_level_id_57dbe2f0" ON "developer_developerskill" ("level_id");
CREATE INDEX IF NOT EXISTS "developer_developerskill_skill_id_b7a718d8" ON "developer_developerskill" ("skill_id");
CREATE UNIQUE INDEX "developer_developer_languages_developer_id_language_id_abd27480_uniq" ON "developer_developer_languages" ("developer_id", "language_id");
CREATE INDEX IF NOT EXISTS "developer_developer_languages_developer_id_8743f2d7" ON "developer_developer_languages" ("developer_id");
CREATE INDEX IF NOT EXISTS "developer_developer_languages_language_id_df7d2c35" ON "developer_developer_languages" ("language_id");
CREATE INDEX IF NOT EXISTS "formation_project_formation_id_5db9765f" ON "formation_project" ("formation_id");
CREATE UNIQUE INDEX "formation_project_developers_project_id_developer_id_78da034e_uniq" ON "formation_project_developers" ("project_id", "developer_id");
CREATE INDEX IF NOT EXISTS "formation_project_developers_project_id_ca31a149" ON "formation_project_developers" ("project_id");
CREATE INDEX IF NOT EXISTS "formation_project_developers_developer_id_bfbd3053" ON "formation_project_developers" ("developer_id");
CREATE INDEX IF NOT EXISTS "formation_projectinvoice_project_id_b55366e1" ON "formation_projectinvoice" ("project_id");
CREATE UNIQUE INDEX "formation_project_invoices_project_id_projectinvoice_id_e443a7ba_uniq" ON "formation_project_invoices" ("project_id", "projectinvoice_id");
CREATE INDEX IF NOT EXISTS "formation_project_invoices_project_id_083c211a" ON "formation_project_invoices" ("project_id");
CREATE INDEX IF NOT EXISTS "formation_project_invoices_projectinvoice_id_b98be4b5" ON "formation_project_invoices" ("projectinvoice_id");
CREATE INDEX IF NOT EXISTS "formation_project_status_id_7aa4dd23" ON "formation_project" ("status_id");
CREATE INDEX IF NOT EXISTS "formation_partner_contact_id_a0a731ae" ON "formation_partner" ("contact_id");
CREATE INDEX IF NOT EXISTS "formation_formationslide_formation_id_14b30858" ON "formation_formationslide" ("formation_id");
CREATE INDEX IF NOT EXISTS "formation_formation_duration_id_ccf1c714" ON "formation_formation" ("duration_id");
CREATE INDEX IF NOT EXISTS "django_session_expire_date_a5c62663" ON "django_session" ("expire_date");
CREATE INDEX IF NOT EXISTS "developer_developer_country_id_29beb66b" ON "developer_developer" ("country_id");
CREATE INDEX IF NOT EXISTS "developer_developer_status_id_5033c081" ON "developer_developer" ("status_id");
CREATE INDEX IF NOT EXISTS "django_cron_cronjoblog_code_48865653" ON "django_cron_cronjoblog" ("code");
CREATE INDEX IF NOT EXISTS "django_cron_cronjoblog_start_time_d68c0dd9" ON "django_cron_cronjoblog" ("start_time");
CREATE INDEX IF NOT EXISTS "django_cron_cronjoblog_end_time_7918602a" ON "django_cron_cronjoblog" ("end_time");
CREATE INDEX IF NOT EXISTS "django_cron_cronjoblog_ran_at_time_7fed2751" ON "django_cron_cronjoblog" ("ran_at_time");
CREATE INDEX IF NOT EXISTS "django_cron_cronjoblog_code_start_time_ran_at_time_8b50b8fa_idx" ON "django_cron_cronjoblog" ("code", "start_time", "ran_at_time");
CREATE INDEX IF NOT EXISTS "django_cron_cronjoblog_code_is_success_ran_at_time_84da9606_idx" ON "django_cron_cronjoblog" ("code", "is_success", "ran_at_time");
CREATE INDEX IF NOT EXISTS "django_cron_cronjoblog_code_start_time_4fc78f9d_idx" ON "django_cron_cronjoblog" ("code", "start_time");
CREATE INDEX IF NOT EXISTS "developer_experience_developer_id_a7a9a055" ON "developer_experience" ("developer_id");
CREATE TABLE IF NOT EXISTS "django_cron_cronjoblock" ("id" integer NOT NULL PRIMARY KEY AUTOINCREMENT, "job_name" varchar(200) NOT NULL UNIQUE, "locked" bool NOT NULL);
CREATE INDEX IF NOT EXISTS "address_address_country_id_cc79e617" ON "address_address" ("country_id");
CREATE UNIQUE INDEX "auth_group_permissions_group_id_permission_id_0cd325b0_uniq" ON "auth_group_permissions" ("group_id", "permission_id");
CREATE INDEX IF NOT EXISTS "auth_group_permissions_group_id_b120cbf9" ON "auth_group_permissions" ("group_id");
CREATE INDEX IF NOT EXISTS "auth_group_permissions_permission_id_84c5c92e" ON "auth_group_permissions" ("permission_id");
CREATE UNIQUE INDEX "auth_user_groups_user_id_group_id_94350c0c_uniq" ON "auth_user_groups" ("user_id", "group_id");
CREATE INDEX IF NOT EXISTS "auth_user_groups_user_id_6a12ed8b" ON "auth_user_groups" ("user_id");
CREATE INDEX IF NOT EXISTS "auth_user_groups_group_id_97559544" ON "auth_user_groups" ("group_id");
CREATE UNIQUE INDEX "auth_user_user_permissions_user_id_permission_id_14a6b632_uniq" ON "auth_user_user_permissions" ("user_id", "permission_id");
CREATE INDEX IF NOT EXISTS "auth_user_user_permissions_user_id_a95ead1b" ON "auth_user_user_permissions" ("user_id");
CREATE INDEX IF NOT EXISTS "auth_user_user_permissions_permission_id_1fbb5f2c" ON "auth_user_user_permissions" ("permission_id");
CREATE INDEX IF NOT EXISTS "django_admin_log_content_type_id_c4bce8eb" ON "django_admin_log" ("content_type_id");
CREATE INDEX IF NOT EXISTS "django_admin_log_user_id_c564eba6" ON "django_admin_log" ("user_id");
CREATE UNIQUE INDEX "django_content_type_app_label_model_76bd3d3b_uniq" ON "django_content_type" ("app_label", "model");
CREATE UNIQUE INDEX "auth_permission_content_type_id_codename_01ab375a_uniq" ON "auth_permission" ("content_type_id", "codename");
CREATE INDEX IF NOT EXISTS "auth_permission_content_type_id_2f476e4b" ON "auth_permission" ("content_type_id");
CREATE INDEX IF NOT EXISTS "skill_skill_category_id_0284a83d" ON "skill_skill" ("category_id");
CREATE INDEX IF NOT EXISTS "developer_developerskill_developer_id_857ae723" ON "developer_developerskill" ("developer_id");
CREATE INDEX IF NOT EXISTS "developer_developerskill_level_id_57dbe2f0" ON "developer_developerskill" ("level_id");
CREATE INDEX IF NOT EXISTS "developer_developerskill_skill_id_b7a718d8" ON "developer_developerskill" ("skill_id");
CREATE UNIQUE INDEX "developer_developer_languages_developer_id_language_id_abd27480_uniq" ON "developer_developer_languages" ("developer_id", "language_id");
CREATE INDEX IF NOT EXISTS "developer_developer_languages_developer_id_8743f2d7" ON "developer_developer_languages" ("developer_id");
CREATE INDEX IF NOT EXISTS "developer_developer_languages_language_id_df7d2c35" ON "developer_developer_languages" ("language_id");
CREATE INDEX IF NOT EXISTS "formation_project_formation_id_5db9765f" ON "formation_project" ("formation_id");
CREATE UNIQUE INDEX "formation_project_developers_project_id_developer_id_78da034e_uniq" ON "formation_project_developers" ("project_id", "developer_id");
CREATE INDEX IF NOT EXISTS "formation_project_developers_project_id_ca31a149" ON "formation_project_developers" ("project_id");
CREATE INDEX IF NOT EXISTS "formation_project_developers_developer_id_bfbd3053" ON "formation_project_developers" ("developer_id");
CREATE INDEX IF NOT EXISTS "formation_projectinvoice_project_id_b55366e1" ON "formation_projectinvoice" ("project_id");
CREATE UNIQUE INDEX "formation_project_invoices_project_id_projectinvoice_id_e443a7ba_uniq" ON "formation_project_invoices" ("project_id", "projectinvoice_id");
CREATE INDEX IF NOT EXISTS "formation_project_invoices_project_id_083c211a" ON "formation_project_invoices" ("project_id");
CREATE INDEX IF NOT EXISTS "formation_project_invoices_projectinvoice_id_b98be4b5" ON "formation_project_invoices" ("projectinvoice_id");
CREATE INDEX IF NOT EXISTS "formation_project_status_id_7aa4dd23" ON "formation_project" ("status_id");
CREATE INDEX IF NOT EXISTS "formation_partner_contact_id_a0a731ae" ON "formation_partner" ("contact_id");
CREATE INDEX IF NOT EXISTS "formation_formationslide_formation_id_14b30858" ON "formation_formationslide" ("formation_id");
CREATE INDEX IF NOT EXISTS "formation_formation_duration_id_ccf1c714" ON "formation_formation" ("duration_id");
CREATE INDEX IF NOT EXISTS "django_session_expire_date_a5c62663" ON "django_session" ("expire_date");
CREATE INDEX IF NOT EXISTS "developer_developer_country_id_29beb66b" ON "developer_developer" ("country_id");
CREATE INDEX IF NOT EXISTS "developer_developer_status_id_5033c081" ON "developer_developer" ("status_id");
CREATE INDEX IF NOT EXISTS "django_cron_cronjoblog_code_48865653" ON "django_cron_cronjoblog" ("code");
CREATE INDEX IF NOT EXISTS "django_cron_cronjoblog_start_time_d68c0dd9" ON "django_cron_cronjoblog" ("start_time");
CREATE INDEX IF NOT EXISTS "django_cron_cronjoblog_end_time_7918602a" ON "django_cron_cronjoblog" ("end_time");
CREATE INDEX IF NOT EXISTS "django_cron_cronjoblog_ran_at_time_7fed2751" ON "django_cron_cronjoblog" ("ran_at_time");
CREATE INDEX IF NOT EXISTS "django_cron_cronjoblog_code_start_time_ran_at_time_8b50b8fa_idx" ON "django_cron_cronjoblog" ("code", "start_time", "ran_at_time");
CREATE INDEX IF NOT EXISTS "django_cron_cronjoblog_code_is_success_ran_at_time_84da9606_idx" ON "django_cron_cronjoblog" ("code", "is_success", "ran_at_time");
CREATE INDEX IF NOT EXISTS "django_cron_cronjoblog_code_start_time_4fc78f9d_idx" ON "django_cron_cronjoblog" ("code", "start_time");
CREATE INDEX IF NOT EXISTS "developer_experience_developer_id_a7a9a055" ON "developer_experience" ("developer_id");
CREATE TABLE IF NOT EXISTS "django_cron_cronjoblog" ("id" integer NOT NULL PRIMARY KEY AUTOINCREMENT, "code" varchar(64) NOT NULL, "start_time" datetime NOT NULL, "end_time" datetime NOT NULL, "is_success" bool NOT NULL, "message" text NOT NULL, "ran_at_time" time NULL);
INSERT INTO "django_cron_cronjoblog" VALUES(1,'config.cron.backup','2023-05-18 18:10:25.624130','2023-05-18 18:10:25.666272',1,'',NULL);
CREATE INDEX IF NOT EXISTS "address_address_country_id_cc79e617" ON "address_address" ("country_id");
CREATE UNIQUE INDEX "auth_group_permissions_group_id_permission_id_0cd325b0_uniq" ON "auth_group_permissions" ("group_id", "permission_id");
CREATE INDEX IF NOT EXISTS "auth_group_permissions_group_id_b120cbf9" ON "auth_group_permissions" ("group_id");
CREATE INDEX IF NOT EXISTS "auth_group_permissions_permission_id_84c5c92e" ON "auth_group_permissions" ("permission_id");
CREATE UNIQUE INDEX "auth_user_groups_user_id_group_id_94350c0c_uniq" ON "auth_user_groups" ("user_id", "group_id");
CREATE INDEX IF NOT EXISTS "auth_user_groups_user_id_6a12ed8b" ON "auth_user_groups" ("user_id");
CREATE INDEX IF NOT EXISTS "auth_user_groups_group_id_97559544" ON "auth_user_groups" ("group_id");
CREATE UNIQUE INDEX "auth_user_user_permissions_user_id_permission_id_14a6b632_uniq" ON "auth_user_user_permissions" ("user_id", "permission_id");
CREATE INDEX IF NOT EXISTS "auth_user_user_permissions_user_id_a95ead1b" ON "auth_user_user_permissions" ("user_id");
CREATE INDEX IF NOT EXISTS "auth_user_user_permissions_permission_id_1fbb5f2c" ON "auth_user_user_permissions" ("permission_id");
CREATE INDEX IF NOT EXISTS "django_admin_log_content_type_id_c4bce8eb" ON "django_admin_log" ("content_type_id");
CREATE INDEX IF NOT EXISTS "django_admin_log_user_id_c564eba6" ON "django_admin_log" ("user_id");
CREATE UNIQUE INDEX "django_content_type_app_label_model_76bd3d3b_uniq" ON "django_content_type" ("app_label", "model");
CREATE UNIQUE INDEX "auth_permission_content_type_id_codename_01ab375a_uniq" ON "auth_permission" ("content_type_id", "codename");
CREATE INDEX IF NOT EXISTS "auth_permission_content_type_id_2f476e4b" ON "auth_permission" ("content_type_id");
CREATE INDEX IF NOT EXISTS "skill_skill_category_id_0284a83d" ON "skill_skill" ("category_id");
CREATE INDEX IF NOT EXISTS "developer_developerskill_developer_id_857ae723" ON "developer_developerskill" ("developer_id");
CREATE INDEX IF NOT EXISTS "developer_developerskill_level_id_57dbe2f0" ON "developer_developerskill" ("level_id");
CREATE INDEX IF NOT EXISTS "developer_developerskill_skill_id_b7a718d8" ON "developer_developerskill" ("skill_id");
CREATE UNIQUE INDEX "developer_developer_languages_developer_id_language_id_abd27480_uniq" ON "developer_developer_languages" ("developer_id", "language_id");
CREATE INDEX IF NOT EXISTS "developer_developer_languages_developer_id_8743f2d7" ON "developer_developer_languages" ("developer_id");
CREATE INDEX IF NOT EXISTS "developer_developer_languages_language_id_df7d2c35" ON "developer_developer_languages" ("language_id");
CREATE INDEX IF NOT EXISTS "formation_project_formation_id_5db9765f" ON "formation_project" ("formation_id");
CREATE UNIQUE INDEX "formation_project_developers_project_id_developer_id_78da034e_uniq" ON "formation_project_developers" ("project_id", "developer_id");
CREATE INDEX IF NOT EXISTS "formation_project_developers_project_id_ca31a149" ON "formation_project_developers" ("project_id");
CREATE INDEX IF NOT EXISTS "formation_project_developers_developer_id_bfbd3053" ON "formation_project_developers" ("developer_id");
CREATE INDEX IF NOT EXISTS "formation_projectinvoice_project_id_b55366e1" ON "formation_projectinvoice" ("project_id");
CREATE UNIQUE INDEX "formation_project_invoices_project_id_projectinvoice_id_e443a7ba_uniq" ON "formation_project_invoices" ("project_id", "projectinvoice_id");
CREATE INDEX IF NOT EXISTS "formation_project_invoices_project_id_083c211a" ON "formation_project_invoices" ("project_id");
CREATE INDEX IF NOT EXISTS "formation_project_invoices_projectinvoice_id_b98be4b5" ON "formation_project_invoices" ("projectinvoice_id");
CREATE INDEX IF NOT EXISTS "formation_project_status_id_7aa4dd23" ON "formation_project" ("status_id");
CREATE INDEX IF NOT EXISTS "formation_partner_contact_id_a0a731ae" ON "formation_partner" ("contact_id");
CREATE INDEX IF NOT EXISTS "formation_formationslide_formation_id_14b30858" ON "formation_formationslide" ("formation_id");
CREATE INDEX IF NOT EXISTS "formation_formation_duration_id_ccf1c714" ON "formation_formation" ("duration_id");
CREATE INDEX IF NOT EXISTS "django_session_expire_date_a5c62663" ON "django_session" ("expire_date");
CREATE INDEX IF NOT EXISTS "developer_developer_country_id_29beb66b" ON "developer_developer" ("country_id");
CREATE INDEX IF NOT EXISTS "developer_developer_status_id_5033c081" ON "developer_developer" ("status_id");
CREATE INDEX IF NOT EXISTS "django_cron_cronjoblog_code_48865653" ON "django_cron_cronjoblog" ("code");
CREATE INDEX IF NOT EXISTS "django_cron_cronjoblog_start_time_d68c0dd9" ON "django_cron_cronjoblog" ("start_time");
CREATE INDEX IF NOT EXISTS "django_cron_cronjoblog_end_time_7918602a" ON "django_cron_cronjoblog" ("end_time");
CREATE INDEX IF NOT EXISTS "django_cron_cronjoblog_ran_at_time_7fed2751" ON "django_cron_cronjoblog" ("ran_at_time");
CREATE INDEX IF NOT EXISTS "django_cron_cronjoblog_code_start_time_ran_at_time_8b50b8fa_idx" ON "django_cron_cronjoblog" ("code", "start_time", "ran_at_time");
CREATE INDEX IF NOT EXISTS "django_cron_cronjoblog_code_is_success_ran_at_time_84da9606_idx" ON "django_cron_cronjoblog" ("code", "is_success", "ran_at_time");
CREATE INDEX IF NOT EXISTS "django_cron_cronjoblog_code_start_time_4fc78f9d_idx" ON "django_cron_cronjoblog" ("code", "start_time");
CREATE INDEX IF NOT EXISTS "developer_experience_developer_id_a7a9a055" ON "developer_experience" ("developer_id");
CREATE TABLE IF NOT EXISTS "django_migrations" ("id" integer NOT NULL PRIMARY KEY AUTOINCREMENT, "app" varchar(255) NOT NULL, "name" varchar(255) NOT NULL, "applied" datetime NOT NULL);
INSERT INTO "django_migrations" VALUES(1,'address','0001_initial','2023-05-17 15:58:27.578591');
INSERT INTO "django_migrations" VALUES(2,'contenttypes','0001_initial','2023-05-17 15:58:27.583092');
INSERT INTO "django_migrations" VALUES(3,'auth','0001_initial','2023-05-17 15:58:27.601704');
INSERT INTO "django_migrations" VALUES(4,'admin','0001_initial','2023-05-17 15:58:27.611911');
INSERT INTO "django_migrations" VALUES(5,'admin','0002_logentry_remove_auto_add','2023-05-17 15:58:27.625050');
INSERT INTO "django_migrations" VALUES(6,'admin','0003_logentry_add_action_flag_choices','2023-05-17 15:58:27.634021');
INSERT INTO "django_migrations" VALUES(7,'admin_interface','0001_initial','2023-05-17 15:58:27.639266');
INSERT INTO "django_migrations" VALUES(8,'admin_interface','0002_add_related_modal','2023-05-17 15:58:27.668158');
INSERT INTO "django_migrations" VALUES(9,'admin_interface','0003_add_logo_color','2023-05-17 15:58:27.679760');
INSERT INTO "django_migrations" VALUES(10,'admin_interface','0004_rename_title_color','2023-05-17 15:58:27.686481');
INSERT INTO "django_migrations" VALUES(11,'admin_interface','0005_add_recent_actions_visible','2023-05-17 15:58:27.697655');
INSERT INTO "django_migrations" VALUES(12,'admin_interface','0006_bytes_to_str','2023-05-17 15:58:27.756189');
INSERT INTO "django_migrations" VALUES(13,'admin_interface','0007_add_favicon','2023-05-17 15:58:27.765214');
INSERT INTO "django_migrations" VALUES(14,'admin_interface','0008_change_related_modal_background_opacity_type','2023-05-17 15:58:27.781300');
INSERT INTO "django_migrations" VALUES(15,'admin_interface','0009_add_enviroment','2023-05-17 15:58:27.797256');
INSERT INTO "django_migrations" VALUES(16,'admin_interface','0010_add_localization','2023-05-17 15:58:27.811865');
INSERT INTO "django_migrations" VALUES(17,'admin_interface','0011_add_environment_options','2023-05-17 15:58:27.847951');
INSERT INTO "django_migrations" VALUES(18,'admin_interface','0012_update_verbose_names','2023-05-17 15:58:27.855897');
INSERT INTO "django_migrations" VALUES(19,'admin_interface','0013_add_related_modal_close_button','2023-05-17 15:58:27.865593');
INSERT INTO "django_migrations" VALUES(20,'admin_interface','0014_name_unique','2023-05-17 15:58:27.878620');
INSERT INTO "django_migrations" VALUES(21,'admin_interface','0015_add_language_chooser_active','2023-05-17 15:58:27.893980');
INSERT INTO "django_migrations" VALUES(22,'admin_interface','0016_add_language_chooser_display','2023-05-17 15:58:27.904436');
INSERT INTO "django_migrations" VALUES(23,'admin_interface','0017_change_list_filter_dropdown','2023-05-17 15:58:27.917745');
INSERT INTO "django_migrations" VALUES(24,'admin_interface','0018_theme_list_filter_sticky','2023-05-17 15:58:27.929367');
INSERT INTO "django_migrations" VALUES(25,'admin_interface','0019_add_form_sticky','2023-05-17 15:58:27.950147');
INSERT INTO "django_migrations" VALUES(26,'admin_interface','0020_module_selected_colors','2023-05-17 15:58:27.980671');
INSERT INTO "django_migrations" VALUES(27,'admin_interface','0021_file_extension_validator','2023-05-17 15:58:27.987761');
INSERT INTO "django_migrations" VALUES(28,'admin_interface','0022_add_logo_max_width_and_height','2023-05-17 15:58:28.007340');
INSERT INTO "django_migrations" VALUES(29,'admin_interface','0023_theme_foldable_apps','2023-05-17 15:58:28.021031');
INSERT INTO "django_migrations" VALUES(30,'admin_interface','0024_remove_theme_css','2023-05-17 15:58:28.028202');
INSERT INTO "django_migrations" VALUES(31,'admin_interface','0025_theme_language_chooser_control','2023-05-17 15:58:28.039661');
INSERT INTO "django_migrations" VALUES(32,'admin_interface','0026_theme_list_filter_highlight','2023-05-17 15:58:28.050398');
INSERT INTO "django_migrations" VALUES(33,'admin_interface','0027_theme_list_filter_removal_links','2023-05-17 15:58:28.061669');
INSERT INTO "django_migrations" VALUES(34,'admin_interface','0028_theme_show_fieldsets_as_tabs_and_more','2023-05-17 15:58:28.081514');
INSERT INTO "django_migrations" VALUES(35,'admin_interface','0029_theme_css_generic_link_active_color','2023-05-17 15:58:28.091937');
INSERT INTO "django_migrations" VALUES(36,'admin_interface','0030_theme_collapsible_stacked_inlines_and_more','2023-05-17 15:58:28.134437');
INSERT INTO "django_migrations" VALUES(37,'contenttypes','0002_remove_content_type_name','2023-05-17 15:58:28.159489');
INSERT INTO "django_migrations" VALUES(38,'auth','0002_alter_permission_name_max_length','2023-05-17 15:58:28.171334');
INSERT INTO "django_migrations" VALUES(39,'auth','0003_alter_user_email_max_length','2023-05-17 15:58:28.184422');
INSERT INTO "django_migrations" VALUES(40,'auth','0004_alter_user_username_opts','2023-05-17 15:58:28.194202');
INSERT INTO "django_migrations" VALUES(41,'auth','0005_alter_user_last_login_null','2023-05-17 15:58:28.205917');
INSERT INTO "django_migrations" VALUES(42,'auth','0006_require_contenttypes_0002','2023-05-17 15:58:28.207780');
INSERT INTO "django_migrations" VALUES(43,'auth','0007_alter_validators_add_error_messages','2023-05-17 15:58:28.217427');
INSERT INTO "django_migrations" VALUES(44,'auth','0008_alter_user_username_max_length','2023-05-17 15:58:28.232825');
INSERT INTO "django_migrations" VALUES(45,'auth','0009_alter_user_last_name_max_length','2023-05-17 15:58:28.244554');
INSERT INTO "django_migrations" VALUES(46,'auth','0010_alter_group_name_max_length','2023-05-17 15:58:28.257166');
INSERT INTO "django_migrations" VALUES(47,'auth','0011_update_proxy_permissions','2023-05-17 15:58:28.268087');
INSERT INTO "django_migrations" VALUES(48,'auth','0012_alter_user_first_name_max_length','2023-05-17 15:58:28.281092');
INSERT INTO "django_migrations" VALUES(49,'config','0001_initial','2023-05-17 15:58:28.284765');
INSERT INTO "django_migrations" VALUES(50,'skill','0001_initial','2023-05-17 15:58:28.292233');
INSERT INTO "django_migrations" VALUES(51,'developer','0001_initial','2023-05-17 15:58:28.343940');
INSERT INTO "django_migrations" VALUES(52,'formation','0001_initial','2023-05-17 15:58:28.433863');
INSERT INTO "django_migrations" VALUES(53,'sessions','0001_initial','2023-05-17 15:58:28.439711');
INSERT INTO "django_migrations" VALUES(54,'developer','0002_alter_developer_bitbucket_alter_developer_cv_and_more','2023-05-17 16:17:17.098699');
INSERT INTO "django_migrations" VALUES(55,'django_cron','0001_initial','2023-05-18 17:14:00.643113');
INSERT INTO "django_migrations" VALUES(56,'django_cron','0002_remove_max_length_from_CronJobLog_message','2023-05-18 17:14:00.654988');
INSERT INTO "django_migrations" VALUES(57,'django_cron','0003_cronjoblock','2023-05-18 17:14:00.658737');
INSERT INTO "django_migrations" VALUES(58,'django_cron','0004_alter_cronjoblock_id_alter_cronjoblog_id','2023-05-18 18:23:21.993700');
INSERT INTO "django_migrations" VALUES(59,'developer','0003_experience','2023-05-19 13:42:29.505115');
CREATE INDEX IF NOT EXISTS "address_address_country_id_cc79e617" ON "address_address" ("country_id");
CREATE UNIQUE INDEX "auth_group_permissions_group_id_permission_id_0cd325b0_uniq" ON "auth_group_permissions" ("group_id", "permission_id");
CREATE INDEX IF NOT EXISTS "auth_group_permissions_group_id_b120cbf9" ON "auth_group_permissions" ("group_id");
CREATE INDEX IF NOT EXISTS "auth_group_permissions_permission_id_84c5c92e" ON "auth_group_permissions" ("permission_id");
CREATE UNIQUE INDEX "auth_user_groups_user_id_group_id_94350c0c_uniq" ON "auth_user_groups" ("user_id", "group_id");
CREATE INDEX IF NOT EXISTS "auth_user_groups_user_id_6a12ed8b" ON "auth_user_groups" ("user_id");
CREATE INDEX IF NOT EXISTS "auth_user_groups_group_id_97559544" ON "auth_user_groups" ("group_id");
CREATE UNIQUE INDEX "auth_user_user_permissions_user_id_permission_id_14a6b632_uniq" ON "auth_user_user_permissions" ("user_id", "permission_id");
CREATE INDEX IF NOT EXISTS "auth_user_user_permissions_user_id_a95ead1b" ON "auth_user_user_permissions" ("user_id");
CREATE INDEX IF NOT EXISTS "auth_user_user_permissions_permission_id_1fbb5f2c" ON "auth_user_user_permissions" ("permission_id");
CREATE INDEX IF NOT EXISTS "django_admin_log_content_type_id_c4bce8eb" ON "django_admin_log" ("content_type_id");
CREATE INDEX IF NOT EXISTS "django_admin_log_user_id_c564eba6" ON "django_admin_log" ("user_id");
CREATE UNIQUE INDEX "django_content_type_app_label_model_76bd3d3b_uniq" ON "django_content_type" ("app_label", "model");
CREATE UNIQUE INDEX "auth_permission_content_type_id_codename_01ab375a_uniq" ON "auth_permission" ("content_type_id", "codename");
CREATE INDEX IF NOT EXISTS "auth_permission_content_type_id_2f476e4b" ON "auth_permission" ("content_type_id");
CREATE INDEX IF NOT EXISTS "skill_skill_category_id_0284a83d" ON "skill_skill" ("category_id");
CREATE INDEX IF NOT EXISTS "developer_developerskill_developer_id_857ae723" ON "developer_developerskill" ("developer_id");
CREATE INDEX IF NOT EXISTS "developer_developerskill_level_id_57dbe2f0" ON "developer_developerskill" ("level_id");
CREATE INDEX IF NOT EXISTS "developer_developerskill_skill_id_b7a718d8" ON "developer_developerskill" ("skill_id");
CREATE UNIQUE INDEX "developer_developer_languages_developer_id_language_id_abd27480_uniq" ON "developer_developer_languages" ("developer_id", "language_id");
CREATE INDEX IF NOT EXISTS "developer_developer_languages_developer_id_8743f2d7" ON "developer_developer_languages" ("developer_id");
CREATE INDEX IF NOT EXISTS "developer_developer_languages_language_id_df7d2c35" ON "developer_developer_languages" ("language_id");
CREATE INDEX IF NOT EXISTS "formation_project_formation_id_5db9765f" ON "formation_project" ("formation_id");
CREATE UNIQUE INDEX "formation_project_developers_project_id_developer_id_78da034e_uniq" ON "formation_project_developers" ("project_id", "developer_id");
CREATE INDEX IF NOT EXISTS "formation_project_developers_project_id_ca31a149" ON "formation_project_developers" ("project_id");
CREATE INDEX IF NOT EXISTS "formation_project_developers_developer_id_bfbd3053" ON "formation_project_developers" ("developer_id");
CREATE INDEX IF NOT EXISTS "formation_projectinvoice_project_id_b55366e1" ON "formation_projectinvoice" ("project_id");
CREATE UNIQUE INDEX "formation_project_invoices_project_id_projectinvoice_id_e443a7ba_uniq" ON "formation_project_invoices" ("project_id", "projectinvoice_id");
CREATE INDEX IF NOT EXISTS "formation_project_invoices_project_id_083c211a" ON "formation_project_invoices" ("project_id");
CREATE INDEX IF NOT EXISTS "formation_project_invoices_projectinvoice_id_b98be4b5" ON "formation_project_invoices" ("projectinvoice_id");
CREATE INDEX IF NOT EXISTS "formation_project_status_id_7aa4dd23" ON "formation_project" ("status_id");
CREATE INDEX IF NOT EXISTS "formation_partner_contact_id_a0a731ae" ON "formation_partner" ("contact_id");
CREATE INDEX IF NOT EXISTS "formation_formationslide_formation_id_14b30858" ON "formation_formationslide" ("formation_id");
CREATE INDEX IF NOT EXISTS "formation_formation_duration_id_ccf1c714" ON "formation_formation" ("duration_id");
CREATE INDEX IF NOT EXISTS "django_session_expire_date_a5c62663" ON "django_session" ("expire_date");
CREATE INDEX IF NOT EXISTS "developer_developer_country_id_29beb66b" ON "developer_developer" ("country_id");
CREATE INDEX IF NOT EXISTS "developer_developer_status_id_5033c081" ON "developer_developer" ("status_id");
CREATE INDEX IF NOT EXISTS "django_cron_cronjoblog_code_48865653" ON "django_cron_cronjoblog" ("code");
CREATE INDEX IF NOT EXISTS "django_cron_cronjoblog_start_time_d68c0dd9" ON "django_cron_cronjoblog" ("start_time");
CREATE INDEX IF NOT EXISTS "django_cron_cronjoblog_end_time_7918602a" ON "django_cron_cronjoblog" ("end_time");
CREATE INDEX IF NOT EXISTS "django_cron_cronjoblog_ran_at_time_7fed2751" ON "django_cron_cronjoblog" ("ran_at_time");
CREATE INDEX IF NOT EXISTS "django_cron_cronjoblog_code_start_time_ran_at_time_8b50b8fa_idx" ON "django_cron_cronjoblog" ("code", "start_time", "ran_at_time");
CREATE INDEX IF NOT EXISTS "django_cron_cronjoblog_code_is_success_ran_at_time_84da9606_idx" ON "django_cron_cronjoblog" ("code", "is_success", "ran_at_time");
CREATE INDEX IF NOT EXISTS "django_cron_cronjoblog_code_start_time_4fc78f9d_idx" ON "django_cron_cronjoblog" ("code", "start_time");
CREATE INDEX IF NOT EXISTS "developer_experience_developer_id_a7a9a055" ON "developer_experience" ("developer_id");
CREATE TABLE IF NOT EXISTS "django_session" ("session_key" varchar(40) NOT NULL PRIMARY KEY, "session_data" text NOT NULL, "expire_date" datetime NOT NULL);
INSERT INTO "django_session" VALUES('kq6ws5z74b1e5iblmtc4cua899jczqtk','.eJxVjDsOwjAQRO_iGlmsvzElPWewvFkvDiBbipMKcXcSKQWUM-_NvEVM61Li2vMcJxIXAeL022Ean7nugB6p3pscW13mCeWuyIN2eWuUX9fD_TsoqZdtjck7ZPaDZgWcvOEzOAII3hJv2SJTADBem4EN6sBMpLJHZYidBfH5AvuFOHY:1pzK0A:5458wKSA13JChBR_L2JZvU2jcbgElyk_1_Qr-WIqoyQ','2023-05-31 16:27:46.246979');
INSERT INTO "django_session" VALUES('7h88jtrs9h1bp330j72cwlbfltfqu03e','.eJxVjDsOwjAQRO_iGlmsvzElPWewvFkvDiBbipMKcXcSKQWUM-_NvEVM61Li2vMcJxIXAeL022Ean7nugB6p3pscW13mCeWuyIN2eWuUX9fD_TsoqZdtjck7ZPaDZgWcvOEzOAII3hJv2SJTADBem4EN6sBMpLJHZYidBfH5AvuFOHY:1pzKdY:aAfpGcV3nLbjTixyM0TB-1vitOmKjhEZCdioS97dbMk','2023-05-31 17:08:28.670075');
INSERT INTO "django_session" VALUES('72a0ssrlf4pets0zfo6360gfel9khmjf','.eJxVjDsOwjAQRO_iGlmsvzElPWewvFkvDiBbipMKcXcSKQWUM-_NvEVM61Li2vMcJxIXAeL022Ean7nugB6p3pscW13mCeWuyIN2eWuUX9fD_TsoqZdtjck7ZPaDZgWcvOEzOAII3hJv2SJTADBem4EN6sBMpLJHZYidBfH5AvuFOHY:1pzaLN:aIOBMeMw71QwVnSdtfQC-fd-wS4vlS_jTbpNmEKysxg','2023-06-01 09:54:45.334364');
INSERT INTO "django_session" VALUES('brgnp2pmc487oodhn6qwhyiplmspl0gn','.eJxVjDsOwjAQRO_iGlmsvzElPWewvFkvDiBbipMKcXcSKQWUM-_NvEVM61Li2vMcJxIXAeL022Ean7nugB6p3pscW13mCeWuyIN2eWuUX9fD_TsoqZdtjck7ZPaDZgWcvOEzOAII3hJv2SJTADBem4EN6sBMpLJHZYidBfH5AvuFOHY:1pziEe:F5biVNx4pogpndc0qza1TdEdhwL8hS2rqhoj7mL3ZQY','2023-06-01 18:20:20.732681');
INSERT INTO "django_session" VALUES('n6we4sklebgwet34zjo0vbg4qadm2uyq','.eJxVjDsOwjAQRO_iGlmsvzElPWewvFkvDiBbipMKcXcSKQWUM-_NvEVM61Li2vMcJxIXAeL022Ean7nugB6p3pscW13mCeWuyIN2eWuUX9fD_TsoqZdtjck7ZPaDZgWcvOEzOAII3hJv2SJTADBem4EN6sBMpLJHZYidBfH5AvuFOHY:1q00Os:18zgiWS_ixOJgrE6lL_ks4CzgO4EoxZFfyo2zEmlPNQ','2023-06-02 13:44:06.376652');
CREATE INDEX IF NOT EXISTS "address_address_country_id_cc79e617" ON "address_address" ("country_id");
CREATE UNIQUE INDEX "auth_group_permissions_group_id_permission_id_0cd325b0_uniq" ON "auth_group_permissions" ("group_id", "permission_id");
CREATE INDEX IF NOT EXISTS "auth_group_permissions_group_id_b120cbf9" ON "auth_group_permissions" ("group_id");
CREATE INDEX IF NOT EXISTS "auth_group_permissions_permission_id_84c5c92e" ON "auth_group_permissions" ("permission_id");
CREATE UNIQUE INDEX "auth_user_groups_user_id_group_id_94350c0c_uniq" ON "auth_user_groups" ("user_id", "group_id");
CREATE INDEX IF NOT EXISTS "auth_user_groups_user_id_6a12ed8b" ON "auth_user_groups" ("user_id");
CREATE INDEX IF NOT EXISTS "auth_user_groups_group_id_97559544" ON "auth_user_groups" ("group_id");
CREATE UNIQUE INDEX "auth_user_user_permissions_user_id_permission_id_14a6b632_uniq" ON "auth_user_user_permissions" ("user_id", "permission_id");
CREATE INDEX IF NOT EXISTS "auth_user_user_permissions_user_id_a95ead1b" ON "auth_user_user_permissions" ("user_id");
CREATE INDEX IF NOT EXISTS "auth_user_user_permissions_permission_id_1fbb5f2c" ON "auth_user_user_permissions" ("permission_id");
CREATE INDEX IF NOT EXISTS "django_admin_log_content_type_id_c4bce8eb" ON "django_admin_log" ("content_type_id");
CREATE INDEX IF NOT EXISTS "django_admin_log_user_id_c564eba6" ON "django_admin_log" ("user_id");
CREATE UNIQUE INDEX "django_content_type_app_label_model_76bd3d3b_uniq" ON "django_content_type" ("app_label", "model");
CREATE UNIQUE INDEX "auth_permission_content_type_id_codename_01ab375a_uniq" ON "auth_permission" ("content_type_id", "codename");
CREATE INDEX IF NOT EXISTS "auth_permission_content_type_id_2f476e4b" ON "auth_permission" ("content_type_id");
CREATE INDEX IF NOT EXISTS "skill_skill_category_id_0284a83d" ON "skill_skill" ("category_id");
CREATE INDEX IF NOT EXISTS "developer_developerskill_developer_id_857ae723" ON "developer_developerskill" ("developer_id");
CREATE INDEX IF NOT EXISTS "developer_developerskill_level_id_57dbe2f0" ON "developer_developerskill" ("level_id");
CREATE INDEX IF NOT EXISTS "developer_developerskill_skill_id_b7a718d8" ON "developer_developerskill" ("skill_id");
CREATE UNIQUE INDEX "developer_developer_languages_developer_id_language_id_abd27480_uniq" ON "developer_developer_languages" ("developer_id", "language_id");
CREATE INDEX IF NOT EXISTS "developer_developer_languages_developer_id_8743f2d7" ON "developer_developer_languages" ("developer_id");
CREATE INDEX IF NOT EXISTS "developer_developer_languages_language_id_df7d2c35" ON "developer_developer_languages" ("language_id");
CREATE INDEX IF NOT EXISTS "formation_project_formation_id_5db9765f" ON "formation_project" ("formation_id");
CREATE UNIQUE INDEX "formation_project_developers_project_id_developer_id_78da034e_uniq" ON "formation_project_developers" ("project_id", "developer_id");
CREATE INDEX IF NOT EXISTS "formation_project_developers_project_id_ca31a149" ON "formation_project_developers" ("project_id");
CREATE INDEX IF NOT EXISTS "formation_project_developers_developer_id_bfbd3053" ON "formation_project_developers" ("developer_id");
CREATE INDEX IF NOT EXISTS "formation_projectinvoice_project_id_b55366e1" ON "formation_projectinvoice" ("project_id");
CREATE UNIQUE INDEX "formation_project_invoices_project_id_projectinvoice_id_e443a7ba_uniq" ON "formation_project_invoices" ("project_id", "projectinvoice_id");
CREATE INDEX IF NOT EXISTS "formation_project_invoices_project_id_083c211a" ON "formation_project_invoices" ("project_id");
CREATE INDEX IF NOT EXISTS "formation_project_invoices_projectinvoice_id_b98be4b5" ON "formation_project_invoices" ("projectinvoice_id");
CREATE INDEX IF NOT EXISTS "formation_project_status_id_7aa4dd23" ON "formation_project" ("status_id");
CREATE INDEX IF NOT EXISTS "formation_partner_contact_id_a0a731ae" ON "formation_partner" ("contact_id");
CREATE INDEX IF NOT EXISTS "formation_formationslide_formation_id_14b30858" ON "formation_formationslide" ("formation_id");
CREATE INDEX IF NOT EXISTS "formation_formation_duration_id_ccf1c714" ON "formation_formation" ("duration_id");
CREATE INDEX IF NOT EXISTS "django_session_expire_date_a5c62663" ON "django_session" ("expire_date");
CREATE INDEX IF NOT EXISTS "developer_developer_country_id_29beb66b" ON "developer_developer" ("country_id");
CREATE INDEX IF NOT EXISTS "developer_developer_status_id_5033c081" ON "developer_developer" ("status_id");
CREATE INDEX IF NOT EXISTS "django_cron_cronjoblog_code_48865653" ON "django_cron_cronjoblog" ("code");
CREATE INDEX IF NOT EXISTS "django_cron_cronjoblog_start_time_d68c0dd9" ON "django_cron_cronjoblog" ("start_time");
CREATE INDEX IF NOT EXISTS "django_cron_cronjoblog_end_time_7918602a" ON "django_cron_cronjoblog" ("end_time");
CREATE INDEX IF NOT EXISTS "django_cron_cronjoblog_ran_at_time_7fed2751" ON "django_cron_cronjoblog" ("ran_at_time");
CREATE INDEX IF NOT EXISTS "django_cron_cronjoblog_code_start_time_ran_at_time_8b50b8fa_idx" ON "django_cron_cronjoblog" ("code", "start_time", "ran_at_time");
CREATE INDEX IF NOT EXISTS "django_cron_cronjoblog_code_is_success_ran_at_time_84da9606_idx" ON "django_cron_cronjoblog" ("code", "is_success", "ran_at_time");
CREATE INDEX IF NOT EXISTS "django_cron_cronjoblog_code_start_time_4fc78f9d_idx" ON "django_cron_cronjoblog" ("code", "start_time");
CREATE INDEX IF NOT EXISTS "developer_experience_developer_id_a7a9a055" ON "developer_experience" ("developer_id");
CREATE TABLE IF NOT EXISTS "formation_contact" ("id" integer NOT NULL PRIMARY KEY AUTOINCREMENT, "name" varchar(255) NOT NULL, "role" varchar(255) NOT NULL, "society" varchar(255) NOT NULL, "phone" varchar(255) NOT NULL, "email" varchar(255) NOT NULL, "whatsapp" varchar(255) NOT NULL, "remarque" text NOT NULL);
CREATE INDEX IF NOT EXISTS "address_address_country_id_cc79e617" ON "address_address" ("country_id");
CREATE UNIQUE INDEX "auth_group_permissions_group_id_permission_id_0cd325b0_uniq" ON "auth_group_permissions" ("group_id", "permission_id");
CREATE INDEX IF NOT EXISTS "auth_group_permissions_group_id_b120cbf9" ON "auth_group_permissions" ("group_id");
CREATE INDEX IF NOT EXISTS "auth_group_permissions_permission_id_84c5c92e" ON "auth_group_permissions" ("permission_id");
CREATE UNIQUE INDEX "auth_user_groups_user_id_group_id_94350c0c_uniq" ON "auth_user_groups" ("user_id", "group_id");
CREATE INDEX IF NOT EXISTS "auth_user_groups_user_id_6a12ed8b" ON "auth_user_groups" ("user_id");
CREATE INDEX IF NOT EXISTS "auth_user_groups_group_id_97559544" ON "auth_user_groups" ("group_id");
CREATE UNIQUE INDEX "auth_user_user_permissions_user_id_permission_id_14a6b632_uniq" ON "auth_user_user_permissions" ("user_id", "permission_id");
CREATE INDEX IF NOT EXISTS "auth_user_user_permissions_user_id_a95ead1b" ON "auth_user_user_permissions" ("user_id");
CREATE INDEX IF NOT EXISTS "auth_user_user_permissions_permission_id_1fbb5f2c" ON "auth_user_user_permissions" ("permission_id");
CREATE INDEX IF NOT EXISTS "django_admin_log_content_type_id_c4bce8eb" ON "django_admin_log" ("content_type_id");
CREATE INDEX IF NOT EXISTS "django_admin_log_user_id_c564eba6" ON "django_admin_log" ("user_id");
CREATE UNIQUE INDEX "django_content_type_app_label_model_76bd3d3b_uniq" ON "django_content_type" ("app_label", "model");
CREATE UNIQUE INDEX "auth_permission_content_type_id_codename_01ab375a_uniq" ON "auth_permission" ("content_type_id", "codename");
CREATE INDEX IF NOT EXISTS "auth_permission_content_type_id_2f476e4b" ON "auth_permission" ("content_type_id");
CREATE INDEX IF NOT EXISTS "skill_skill_category_id_0284a83d" ON "skill_skill" ("category_id");
CREATE INDEX IF NOT EXISTS "developer_developerskill_developer_id_857ae723" ON "developer_developerskill" ("developer_id");
CREATE INDEX IF NOT EXISTS "developer_developerskill_level_id_57dbe2f0" ON "developer_developerskill" ("level_id");
CREATE INDEX IF NOT EXISTS "developer_developerskill_skill_id_b7a718d8" ON "developer_developerskill" ("skill_id");
CREATE UNIQUE INDEX "developer_developer_languages_developer_id_language_id_abd27480_uniq" ON "developer_developer_languages" ("developer_id", "language_id");
CREATE INDEX IF NOT EXISTS "developer_developer_languages_developer_id_8743f2d7" ON "developer_developer_languages" ("developer_id");
CREATE INDEX IF NOT EXISTS "developer_developer_languages_language_id_df7d2c35" ON "developer_developer_languages" ("language_id");
CREATE INDEX IF NOT EXISTS "formation_project_formation_id_5db9765f" ON "formation_project" ("formation_id");
CREATE UNIQUE INDEX "formation_project_developers_project_id_developer_id_78da034e_uniq" ON "formation_project_developers" ("project_id", "developer_id");
CREATE INDEX IF NOT EXISTS "formation_project_developers_project_id_ca31a149" ON "formation_project_developers" ("project_id");
CREATE INDEX IF NOT EXISTS "formation_project_developers_developer_id_bfbd3053" ON "formation_project_developers" ("developer_id");
CREATE INDEX IF NOT EXISTS "formation_projectinvoice_project_id_b55366e1" ON "formation_projectinvoice" ("project_id");
CREATE UNIQUE INDEX "formation_project_invoices_project_id_projectinvoice_id_e443a7ba_uniq" ON "formation_project_invoices" ("project_id", "projectinvoice_id");
CREATE INDEX IF NOT EXISTS "formation_project_invoices_project_id_083c211a" ON "formation_project_invoices" ("project_id");
CREATE INDEX IF NOT EXISTS "formation_project_invoices_projectinvoice_id_b98be4b5" ON "formation_project_invoices" ("projectinvoice_id");
CREATE INDEX IF NOT EXISTS "formation_project_status_id_7aa4dd23" ON "formation_project" ("status_id");
CREATE INDEX IF NOT EXISTS "formation_partner_contact_id_a0a731ae" ON "formation_partner" ("contact_id");
CREATE INDEX IF NOT EXISTS "formation_formationslide_formation_id_14b30858" ON "formation_formationslide" ("formation_id");
CREATE INDEX IF NOT EXISTS "formation_formation_duration_id_ccf1c714" ON "formation_formation" ("duration_id");
CREATE INDEX IF NOT EXISTS "django_session_expire_date_a5c62663" ON "django_session" ("expire_date");
CREATE INDEX IF NOT EXISTS "developer_developer_country_id_29beb66b" ON "developer_developer" ("country_id");
CREATE INDEX IF NOT EXISTS "developer_developer_status_id_5033c081" ON "developer_developer" ("status_id");
CREATE INDEX IF NOT EXISTS "django_cron_cronjoblog_code_48865653" ON "django_cron_cronjoblog" ("code");
CREATE INDEX IF NOT EXISTS "django_cron_cronjoblog_start_time_d68c0dd9" ON "django_cron_cronjoblog" ("start_time");
CREATE INDEX IF NOT EXISTS "django_cron_cronjoblog_end_time_7918602a" ON "django_cron_cronjoblog" ("end_time");
CREATE INDEX IF NOT EXISTS "django_cron_cronjoblog_ran_at_time_7fed2751" ON "django_cron_cronjoblog" ("ran_at_time");
CREATE INDEX IF NOT EXISTS "django_cron_cronjoblog_code_start_time_ran_at_time_8b50b8fa_idx" ON "django_cron_cronjoblog" ("code", "start_time", "ran_at_time");
CREATE INDEX IF NOT EXISTS "django_cron_cronjoblog_code_is_success_ran_at_time_84da9606_idx" ON "django_cron_cronjoblog" ("code", "is_success", "ran_at_time");
CREATE INDEX IF NOT EXISTS "django_cron_cronjoblog_code_start_time_4fc78f9d_idx" ON "django_cron_cronjoblog" ("code", "start_time");
CREATE INDEX IF NOT EXISTS "developer_experience_developer_id_a7a9a055" ON "developer_experience" ("developer_id");
CREATE TABLE IF NOT EXISTS "formation_formation" ("id" integer NOT NULL PRIMARY KEY AUTOINCREMENT, "name" varchar(255) NOT NULL UNIQUE, "code" varchar(255) NOT NULL UNIQUE, "sourceCode" varchar(200) NOT NULL, "resources" varchar(200) NOT NULL, "process" varchar(200) NOT NULL, "level" varchar(255) NULL, "duration_id" integer NULL REFERENCES "formation_formationduration" ("id") DEFERRABLE INITIALLY DEFERRED);
CREATE INDEX IF NOT EXISTS "address_address_country_id_cc79e617" ON "address_address" ("country_id");
CREATE UNIQUE INDEX "auth_group_permissions_group_id_permission_id_0cd325b0_uniq" ON "auth_group_permissions" ("group_id", "permission_id");
CREATE INDEX IF NOT EXISTS "auth_group_permissions_group_id_b120cbf9" ON "auth_group_permissions" ("group_id");
CREATE INDEX IF NOT EXISTS "auth_group_permissions_permission_id_84c5c92e" ON "auth_group_permissions" ("permission_id");
CREATE UNIQUE INDEX "auth_user_groups_user_id_group_id_94350c0c_uniq" ON "auth_user_groups" ("user_id", "group_id");
CREATE INDEX IF NOT EXISTS "auth_user_groups_user_id_6a12ed8b" ON "auth_user_groups" ("user_id");
CREATE INDEX IF NOT EXISTS "auth_user_groups_group_id_97559544" ON "auth_user_groups" ("group_id");
CREATE UNIQUE INDEX "auth_user_user_permissions_user_id_permission_id_14a6b632_uniq" ON "auth_user_user_permissions" ("user_id", "permission_id");
CREATE INDEX IF NOT EXISTS "auth_user_user_permissions_user_id_a95ead1b" ON "auth_user_user_permissions" ("user_id");
CREATE INDEX IF NOT EXISTS "auth_user_user_permissions_permission_id_1fbb5f2c" ON "auth_user_user_permissions" ("permission_id");
CREATE INDEX IF NOT EXISTS "django_admin_log_content_type_id_c4bce8eb" ON "django_admin_log" ("content_type_id");
CREATE INDEX IF NOT EXISTS "django_admin_log_user_id_c564eba6" ON "django_admin_log" ("user_id");
CREATE UNIQUE INDEX "django_content_type_app_label_model_76bd3d3b_uniq" ON "django_content_type" ("app_label", "model");
CREATE UNIQUE INDEX "auth_permission_content_type_id_codename_01ab375a_uniq" ON "auth_permission" ("content_type_id", "codename");
CREATE INDEX IF NOT EXISTS "auth_permission_content_type_id_2f476e4b" ON "auth_permission" ("content_type_id");
CREATE INDEX IF NOT EXISTS "skill_skill_category_id_0284a83d" ON "skill_skill" ("category_id");
CREATE INDEX IF NOT EXISTS "developer_developerskill_developer_id_857ae723" ON "developer_developerskill" ("developer_id");
CREATE INDEX IF NOT EXISTS "developer_developerskill_level_id_57dbe2f0" ON "developer_developerskill" ("level_id");
CREATE INDEX IF NOT EXISTS "developer_developerskill_skill_id_b7a718d8" ON "developer_developerskill" ("skill_id");
CREATE UNIQUE INDEX "developer_developer_languages_developer_id_language_id_abd27480_uniq" ON "developer_developer_languages" ("developer_id", "language_id");
CREATE INDEX IF NOT EXISTS "developer_developer_languages_developer_id_8743f2d7" ON "developer_developer_languages" ("developer_id");
CREATE INDEX IF NOT EXISTS "developer_developer_languages_language_id_df7d2c35" ON "developer_developer_languages" ("language_id");
CREATE INDEX IF NOT EXISTS "formation_project_formation_id_5db9765f" ON "formation_project" ("formation_id");
CREATE UNIQUE INDEX "formation_project_developers_project_id_developer_id_78da034e_uniq" ON "formation_project_developers" ("project_id", "developer_id");
CREATE INDEX IF NOT EXISTS "formation_project_developers_project_id_ca31a149" ON "formation_project_developers" ("project_id");
CREATE INDEX IF NOT EXISTS "formation_project_developers_developer_id_bfbd3053" ON "formation_project_developers" ("developer_id");
CREATE INDEX IF NOT EXISTS "formation_projectinvoice_project_id_b55366e1" ON "formation_projectinvoice" ("project_id");
CREATE UNIQUE INDEX "formation_project_invoices_project_id_projectinvoice_id_e443a7ba_uniq" ON "formation_project_invoices" ("project_id", "projectinvoice_id");
CREATE INDEX IF NOT EXISTS "formation_project_invoices_project_id_083c211a" ON "formation_project_invoices" ("project_id");
CREATE INDEX IF NOT EXISTS "formation_project_invoices_projectinvoice_id_b98be4b5" ON "formation_project_invoices" ("projectinvoice_id");
CREATE INDEX IF NOT EXISTS "formation_project_status_id_7aa4dd23" ON "formation_project" ("status_id");
CREATE INDEX IF NOT EXISTS "formation_partner_contact_id_a0a731ae" ON "formation_partner" ("contact_id");
CREATE INDEX IF NOT EXISTS "formation_formationslide_formation_id_14b30858" ON "formation_formationslide" ("formation_id");
CREATE INDEX IF NOT EXISTS "formation_formation_duration_id_ccf1c714" ON "formation_formation" ("duration_id");
CREATE INDEX IF NOT EXISTS "django_session_expire_date_a5c62663" ON "django_session" ("expire_date");
CREATE INDEX IF NOT EXISTS "developer_developer_country_id_29beb66b" ON "developer_developer" ("country_id");
CREATE INDEX IF NOT EXISTS "developer_developer_status_id_5033c081" ON "developer_developer" ("status_id");
CREATE INDEX IF NOT EXISTS "django_cron_cronjoblog_code_48865653" ON "django_cron_cronjoblog" ("code");
CREATE INDEX IF NOT EXISTS "django_cron_cronjoblog_start_time_d68c0dd9" ON "django_cron_cronjoblog" ("start_time");
CREATE INDEX IF NOT EXISTS "django_cron_cronjoblog_end_time_7918602a" ON "django_cron_cronjoblog" ("end_time");
CREATE INDEX IF NOT EXISTS "django_cron_cronjoblog_ran_at_time_7fed2751" ON "django_cron_cronjoblog" ("ran_at_time");
CREATE INDEX IF NOT EXISTS "django_cron_cronjoblog_code_start_time_ran_at_time_8b50b8fa_idx" ON "django_cron_cronjoblog" ("code", "start_time", "ran_at_time");
CREATE INDEX IF NOT EXISTS "django_cron_cronjoblog_code_is_success_ran_at_time_84da9606_idx" ON "django_cron_cronjoblog" ("code", "is_success", "ran_at_time");
CREATE INDEX IF NOT EXISTS "django_cron_cronjoblog_code_start_time_4fc78f9d_idx" ON "django_cron_cronjoblog" ("code", "start_time");
CREATE INDEX IF NOT EXISTS "developer_experience_developer_id_a7a9a055" ON "developer_experience" ("developer_id");
CREATE TABLE IF NOT EXISTS "formation_formationduration" ("id" integer NOT NULL PRIMARY KEY AUTOINCREMENT, "duration" varchar(255) NOT NULL);
CREATE INDEX IF NOT EXISTS "address_address_country_id_cc79e617" ON "address_address" ("country_id");
CREATE UNIQUE INDEX "auth_group_permissions_group_id_permission_id_0cd325b0_uniq" ON "auth_group_permissions" ("group_id", "permission_id");
CREATE INDEX IF NOT EXISTS "auth_group_permissions_group_id_b120cbf9" ON "auth_group_permissions" ("group_id");
CREATE INDEX IF NOT EXISTS "auth_group_permissions_permission_id_84c5c92e" ON "auth_group_permissions" ("permission_id");
CREATE UNIQUE INDEX "auth_user_groups_user_id_group_id_94350c0c_uniq" ON "auth_user_groups" ("user_id", "group_id");
CREATE INDEX IF NOT EXISTS "auth_user_groups_user_id_6a12ed8b" ON "auth_user_groups" ("user_id");
CREATE INDEX IF NOT EXISTS "auth_user_groups_group_id_97559544" ON "auth_user_groups" ("group_id");
CREATE UNIQUE INDEX "auth_user_user_permissions_user_id_permission_id_14a6b632_uniq" ON "auth_user_user_permissions" ("user_id", "permission_id");
CREATE INDEX IF NOT EXISTS "auth_user_user_permissions_user_id_a95ead1b" ON "auth_user_user_permissions" ("user_id");
CREATE INDEX IF NOT EXISTS "auth_user_user_permissions_permission_id_1fbb5f2c" ON "auth_user_user_permissions" ("permission_id");
CREATE INDEX IF NOT EXISTS "django_admin_log_content_type_id_c4bce8eb" ON "django_admin_log" ("content_type_id");
CREATE INDEX IF NOT EXISTS "django_admin_log_user_id_c564eba6" ON "django_admin_log" ("user_id");
CREATE UNIQUE INDEX "django_content_type_app_label_model_76bd3d3b_uniq" ON "django_content_type" ("app_label", "model");
CREATE UNIQUE INDEX "auth_permission_content_type_id_codename_01ab375a_uniq" ON "auth_permission" ("content_type_id", "codename");
CREATE INDEX IF NOT EXISTS "auth_permission_content_type_id_2f476e4b" ON "auth_permission" ("content_type_id");
CREATE INDEX IF NOT EXISTS "skill_skill_category_id_0284a83d" ON "skill_skill" ("category_id");
CREATE INDEX IF NOT EXISTS "developer_developerskill_developer_id_857ae723" ON "developer_developerskill" ("developer_id");
CREATE INDEX IF NOT EXISTS "developer_developerskill_level_id_57dbe2f0" ON "developer_developerskill" ("level_id");
CREATE INDEX IF NOT EXISTS "developer_developerskill_skill_id_b7a718d8" ON "developer_developerskill" ("skill_id");
CREATE UNIQUE INDEX "developer_developer_languages_developer_id_language_id_abd27480_uniq" ON "developer_developer_languages" ("developer_id", "language_id");
CREATE INDEX IF NOT EXISTS "developer_developer_languages_developer_id_8743f2d7" ON "developer_developer_languages" ("developer_id");
CREATE INDEX IF NOT EXISTS "developer_developer_languages_language_id_df7d2c35" ON "developer_developer_languages" ("language_id");
CREATE INDEX IF NOT EXISTS "formation_project_formation_id_5db9765f" ON "formation_project" ("formation_id");
CREATE UNIQUE INDEX "formation_project_developers_project_id_developer_id_78da034e_uniq" ON "formation_project_developers" ("project_id", "developer_id");
CREATE INDEX IF NOT EXISTS "formation_project_developers_project_id_ca31a149" ON "formation_project_developers" ("project_id");
CREATE INDEX IF NOT EXISTS "formation_project_developers_developer_id_bfbd3053" ON "formation_project_developers" ("developer_id");
CREATE INDEX IF NOT EXISTS "formation_projectinvoice_project_id_b55366e1" ON "formation_projectinvoice" ("project_id");
CREATE UNIQUE INDEX "formation_project_invoices_project_id_projectinvoice_id_e443a7ba_uniq" ON "formation_project_invoices" ("project_id", "projectinvoice_id");
CREATE INDEX IF NOT EXISTS "formation_project_invoices_project_id_083c211a" ON "formation_project_invoices" ("project_id");
CREATE INDEX IF NOT EXISTS "formation_project_invoices_projectinvoice_id_b98be4b5" ON "formation_project_invoices" ("projectinvoice_id");
CREATE INDEX IF NOT EXISTS "formation_project_status_id_7aa4dd23" ON "formation_project" ("status_id");
CREATE INDEX IF NOT EXISTS "formation_partner_contact_id_a0a731ae" ON "formation_partner" ("contact_id");
CREATE INDEX IF NOT EXISTS "formation_formationslide_formation_id_14b30858" ON "formation_formationslide" ("formation_id");
CREATE INDEX IF NOT EXISTS "formation_formation_duration_id_ccf1c714" ON "formation_formation" ("duration_id");
CREATE INDEX IF NOT EXISTS "django_session_expire_date_a5c62663" ON "django_session" ("expire_date");
CREATE INDEX IF NOT EXISTS "developer_developer_country_id_29beb66b" ON "developer_developer" ("country_id");
CREATE INDEX IF NOT EXISTS "developer_developer_status_id_5033c081" ON "developer_developer" ("status_id");
CREATE INDEX IF NOT EXISTS "django_cron_cronjoblog_code_48865653" ON "django_cron_cronjoblog" ("code");
CREATE INDEX IF NOT EXISTS "django_cron_cronjoblog_start_time_d68c0dd9" ON "django_cron_cronjoblog" ("start_time");
CREATE INDEX IF NOT EXISTS "django_cron_cronjoblog_end_time_7918602a" ON "django_cron_cronjoblog" ("end_time");
CREATE INDEX IF NOT EXISTS "django_cron_cronjoblog_ran_at_time_7fed2751" ON "django_cron_cronjoblog" ("ran_at_time");
CREATE INDEX IF NOT EXISTS "django_cron_cronjoblog_code_start_time_ran_at_time_8b50b8fa_idx" ON "django_cron_cronjoblog" ("code", "start_time", "ran_at_time");
CREATE INDEX IF NOT EXISTS "django_cron_cronjoblog_code_is_success_ran_at_time_84da9606_idx" ON "django_cron_cronjoblog" ("code", "is_success", "ran_at_time");
CREATE INDEX IF NOT EXISTS "django_cron_cronjoblog_code_start_time_4fc78f9d_idx" ON "django_cron_cronjoblog" ("code", "start_time");
CREATE INDEX IF NOT EXISTS "developer_experience_developer_id_a7a9a055" ON "developer_experience" ("developer_id");
CREATE TABLE IF NOT EXISTS "formation_formationslide" ("id" integer NOT NULL PRIMARY KEY AUTOINCREMENT, "slide" varchar(100) NULL, "formation_id" integer NOT NULL REFERENCES "formation_formation" ("id") DEFERRABLE INITIALLY DEFERRED);
CREATE INDEX IF NOT EXISTS "address_address_country_id_cc79e617" ON "address_address" ("country_id");
CREATE UNIQUE INDEX "auth_group_permissions_group_id_permission_id_0cd325b0_uniq" ON "auth_group_permissions" ("group_id", "permission_id");
CREATE INDEX IF NOT EXISTS "auth_group_permissions_group_id_b120cbf9" ON "auth_group_permissions" ("group_id");
CREATE INDEX IF NOT EXISTS "auth_group_permissions_permission_id_84c5c92e" ON "auth_group_permissions" ("permission_id");
CREATE UNIQUE INDEX "auth_user_groups_user_id_group_id_94350c0c_uniq" ON "auth_user_groups" ("user_id", "group_id");
CREATE INDEX IF NOT EXISTS "auth_user_groups_user_id_6a12ed8b" ON "auth_user_groups" ("user_id");
CREATE INDEX IF NOT EXISTS "auth_user_groups_group_id_97559544" ON "auth_user_groups" ("group_id");
CREATE UNIQUE INDEX "auth_user_user_permissions_user_id_permission_id_14a6b632_uniq" ON "auth_user_user_permissions" ("user_id", "permission_id");
CREATE INDEX IF NOT EXISTS "auth_user_user_permissions_user_id_a95ead1b" ON "auth_user_user_permissions" ("user_id");
CREATE INDEX IF NOT EXISTS "auth_user_user_permissions_permission_id_1fbb5f2c" ON "auth_user_user_permissions" ("permission_id");
CREATE INDEX IF NOT EXISTS "django_admin_log_content_type_id_c4bce8eb" ON "django_admin_log" ("content_type_id");
CREATE INDEX IF NOT EXISTS "django_admin_log_user_id_c564eba6" ON "django_admin_log" ("user_id");
CREATE UNIQUE INDEX "django_content_type_app_label_model_76bd3d3b_uniq" ON "django_content_type" ("app_label", "model");
CREATE UNIQUE INDEX "auth_permission_content_type_id_codename_01ab375a_uniq" ON "auth_permission" ("content_type_id", "codename");
CREATE INDEX IF NOT EXISTS "auth_permission_content_type_id_2f476e4b" ON "auth_permission" ("content_type_id");
CREATE INDEX IF NOT EXISTS "skill_skill_category_id_0284a83d" ON "skill_skill" ("category_id");
CREATE INDEX IF NOT EXISTS "developer_developerskill_developer_id_857ae723" ON "developer_developerskill" ("developer_id");
CREATE INDEX IF NOT EXISTS "developer_developerskill_level_id_57dbe2f0" ON "developer_developerskill" ("level_id");
CREATE INDEX IF NOT EXISTS "developer_developerskill_skill_id_b7a718d8" ON "developer_developerskill" ("skill_id");
CREATE UNIQUE INDEX "developer_developer_languages_developer_id_language_id_abd27480_uniq" ON "developer_developer_languages" ("developer_id", "language_id");
CREATE INDEX IF NOT EXISTS "developer_developer_languages_developer_id_8743f2d7" ON "developer_developer_languages" ("developer_id");
CREATE INDEX IF NOT EXISTS "developer_developer_languages_language_id_df7d2c35" ON "developer_developer_languages" ("language_id");
CREATE INDEX IF NOT EXISTS "formation_project_formation_id_5db9765f" ON "formation_project" ("formation_id");
CREATE UNIQUE INDEX "formation_project_developers_project_id_developer_id_78da034e_uniq" ON "formation_project_developers" ("project_id", "developer_id");
CREATE INDEX IF NOT EXISTS "formation_project_developers_project_id_ca31a149" ON "formation_project_developers" ("project_id");
CREATE INDEX IF NOT EXISTS "formation_project_developers_developer_id_bfbd3053" ON "formation_project_developers" ("developer_id");
CREATE INDEX IF NOT EXISTS "formation_projectinvoice_project_id_b55366e1" ON "formation_projectinvoice" ("project_id");
CREATE UNIQUE INDEX "formation_project_invoices_project_id_projectinvoice_id_e443a7ba_uniq" ON "formation_project_invoices" ("project_id", "projectinvoice_id");
CREATE INDEX IF NOT EXISTS "formation_project_invoices_project_id_083c211a" ON "formation_project_invoices" ("project_id");
CREATE INDEX IF NOT EXISTS "formation_project_invoices_projectinvoice_id_b98be4b5" ON "formation_project_invoices" ("projectinvoice_id");
CREATE INDEX IF NOT EXISTS "formation_project_status_id_7aa4dd23" ON "formation_project" ("status_id");
CREATE INDEX IF NOT EXISTS "formation_partner_contact_id_a0a731ae" ON "formation_partner" ("contact_id");
CREATE INDEX IF NOT EXISTS "formation_formationslide_formation_id_14b30858" ON "formation_formationslide" ("formation_id");
CREATE INDEX IF NOT EXISTS "formation_formation_duration_id_ccf1c714" ON "formation_formation" ("duration_id");
CREATE INDEX IF NOT EXISTS "django_session_expire_date_a5c62663" ON "django_session" ("expire_date");
CREATE INDEX IF NOT EXISTS "developer_developer_country_id_29beb66b" ON "developer_developer" ("country_id");
CREATE INDEX IF NOT EXISTS "developer_developer_status_id_5033c081" ON "developer_developer" ("status_id");
CREATE INDEX IF NOT EXISTS "django_cron_cronjoblog_code_48865653" ON "django_cron_cronjoblog" ("code");
CREATE INDEX IF NOT EXISTS "django_cron_cronjoblog_start_time_d68c0dd9" ON "django_cron_cronjoblog" ("start_time");
CREATE INDEX IF NOT EXISTS "django_cron_cronjoblog_end_time_7918602a" ON "django_cron_cronjoblog" ("end_time");
CREATE INDEX IF NOT EXISTS "django_cron_cronjoblog_ran_at_time_7fed2751" ON "django_cron_cronjoblog" ("ran_at_time");
CREATE INDEX IF NOT EXISTS "django_cron_cronjoblog_code_start_time_ran_at_time_8b50b8fa_idx" ON "django_cron_cronjoblog" ("code", "start_time", "ran_at_time");
CREATE INDEX IF NOT EXISTS "django_cron_cronjoblog_code_is_success_ran_at_time_84da9606_idx" ON "django_cron_cronjoblog" ("code", "is_success", "ran_at_time");
CREATE INDEX IF NOT EXISTS "django_cron_cronjoblog_code_start_time_4fc78f9d_idx" ON "django_cron_cronjoblog" ("code", "start_time");
CREATE INDEX IF NOT EXISTS "developer_experience_developer_id_a7a9a055" ON "developer_experience" ("developer_id");
CREATE TABLE IF NOT EXISTS "formation_partner" ("id" integer NOT NULL PRIMARY KEY AUTOINCREMENT, "logo" varchar(100) NULL, "contact_id" integer NULL REFERENCES "formation_contact" ("id") DEFERRABLE INITIALLY DEFERRED);
CREATE INDEX IF NOT EXISTS "address_address_country_id_cc79e617" ON "address_address" ("country_id");
CREATE UNIQUE INDEX "auth_group_permissions_group_id_permission_id_0cd325b0_uniq" ON "auth_group_permissions" ("group_id", "permission_id");
CREATE INDEX IF NOT EXISTS "auth_group_permissions_group_id_b120cbf9" ON "auth_group_permissions" ("group_id");
CREATE INDEX IF NOT EXISTS "auth_group_permissions_permission_id_84c5c92e" ON "auth_group_permissions" ("permission_id");
CREATE UNIQUE INDEX "auth_user_groups_user_id_group_id_94350c0c_uniq" ON "auth_user_groups" ("user_id", "group_id");
CREATE INDEX IF NOT EXISTS "auth_user_groups_user_id_6a12ed8b" ON "auth_user_groups" ("user_id");
CREATE INDEX IF NOT EXISTS "auth_user_groups_group_id_97559544" ON "auth_user_groups" ("group_id");
CREATE UNIQUE INDEX "auth_user_user_permissions_user_id_permission_id_14a6b632_uniq" ON "auth_user_user_permissions" ("user_id", "permission_id");
CREATE INDEX IF NOT EXISTS "auth_user_user_permissions_user_id_a95ead1b" ON "auth_user_user_permissions" ("user_id");
CREATE INDEX IF NOT EXISTS "auth_user_user_permissions_permission_id_1fbb5f2c" ON "auth_user_user_permissions" ("permission_id");
CREATE INDEX IF NOT EXISTS "django_admin_log_content_type_id_c4bce8eb" ON "django_admin_log" ("content_type_id");
CREATE INDEX IF NOT EXISTS "django_admin_log_user_id_c564eba6" ON "django_admin_log" ("user_id");
CREATE UNIQUE INDEX "django_content_type_app_label_model_76bd3d3b_uniq" ON "django_content_type" ("app_label", "model");
CREATE UNIQUE INDEX "auth_permission_content_type_id_codename_01ab375a_uniq" ON "auth_permission" ("content_type_id", "codename");
CREATE INDEX IF NOT EXISTS "auth_permission_content_type_id_2f476e4b" ON "auth_permission" ("content_type_id");
CREATE INDEX IF NOT EXISTS "skill_skill_category_id_0284a83d" ON "skill_skill" ("category_id");
CREATE INDEX IF NOT EXISTS "developer_developerskill_developer_id_857ae723" ON "developer_developerskill" ("developer_id");
CREATE INDEX IF NOT EXISTS "developer_developerskill_level_id_57dbe2f0" ON "developer_developerskill" ("level_id");
CREATE INDEX IF NOT EXISTS "developer_developerskill_skill_id_b7a718d8" ON "developer_developerskill" ("skill_id");
CREATE UNIQUE INDEX "developer_developer_languages_developer_id_language_id_abd27480_uniq" ON "developer_developer_languages" ("developer_id", "language_id");
CREATE INDEX IF NOT EXISTS "developer_developer_languages_developer_id_8743f2d7" ON "developer_developer_languages" ("developer_id");
CREATE INDEX IF NOT EXISTS "developer_developer_languages_language_id_df7d2c35" ON "developer_developer_languages" ("language_id");
CREATE INDEX IF NOT EXISTS "formation_project_formation_id_5db9765f" ON "formation_project" ("formation_id");
CREATE UNIQUE INDEX "formation_project_developers_project_id_developer_id_78da034e_uniq" ON "formation_project_developers" ("project_id", "developer_id");
CREATE INDEX IF NOT EXISTS "formation_project_developers_project_id_ca31a149" ON "formation_project_developers" ("project_id");
CREATE INDEX IF NOT EXISTS "formation_project_developers_developer_id_bfbd3053" ON "formation_project_developers" ("developer_id");
CREATE INDEX IF NOT EXISTS "formation_projectinvoice_project_id_b55366e1" ON "formation_projectinvoice" ("project_id");
CREATE UNIQUE INDEX "formation_project_invoices_project_id_projectinvoice_id_e443a7ba_uniq" ON "formation_project_invoices" ("project_id", "projectinvoice_id");
CREATE INDEX IF NOT EXISTS "formation_project_invoices_project_id_083c211a" ON "formation_project_invoices" ("project_id");
CREATE INDEX IF NOT EXISTS "formation_project_invoices_projectinvoice_id_b98be4b5" ON "formation_project_invoices" ("projectinvoice_id");
CREATE INDEX IF NOT EXISTS "formation_project_status_id_7aa4dd23" ON "formation_project" ("status_id");
CREATE INDEX IF NOT EXISTS "formation_partner_contact_id_a0a731ae" ON "formation_partner" ("contact_id");
CREATE INDEX IF NOT EXISTS "formation_formationslide_formation_id_14b30858" ON "formation_formationslide" ("formation_id");
CREATE INDEX IF NOT EXISTS "formation_formation_duration_id_ccf1c714" ON "formation_formation" ("duration_id");
CREATE INDEX IF NOT EXISTS "django_session_expire_date_a5c62663" ON "django_session" ("expire_date");
CREATE INDEX IF NOT EXISTS "developer_developer_country_id_29beb66b" ON "developer_developer" ("country_id");
CREATE INDEX IF NOT EXISTS "developer_developer_status_id_5033c081" ON "developer_developer" ("status_id");
CREATE INDEX IF NOT EXISTS "django_cron_cronjoblog_code_48865653" ON "django_cron_cronjoblog" ("code");
CREATE INDEX IF NOT EXISTS "django_cron_cronjoblog_start_time_d68c0dd9" ON "django_cron_cronjoblog" ("start_time");
CREATE INDEX IF NOT EXISTS "django_cron_cronjoblog_end_time_7918602a" ON "django_cron_cronjoblog" ("end_time");
CREATE INDEX IF NOT EXISTS "django_cron_cronjoblog_ran_at_time_7fed2751" ON "django_cron_cronjoblog" ("ran_at_time");
CREATE INDEX IF NOT EXISTS "django_cron_cronjoblog_code_start_time_ran_at_time_8b50b8fa_idx" ON "django_cron_cronjoblog" ("code", "start_time", "ran_at_time");
CREATE INDEX IF NOT EXISTS "django_cron_cronjoblog_code_is_success_ran_at_time_84da9606_idx" ON "django_cron_cronjoblog" ("code", "is_success", "ran_at_time");
CREATE INDEX IF NOT EXISTS "django_cron_cronjoblog_code_start_time_4fc78f9d_idx" ON "django_cron_cronjoblog" ("code", "start_time");
CREATE INDEX IF NOT EXISTS "developer_experience_developer_id_a7a9a055" ON "developer_experience" ("developer_id");
CREATE TABLE IF NOT EXISTS "formation_project" ("id" integer NOT NULL PRIMARY KEY AUTOINCREMENT, "name" varchar(255) NOT NULL UNIQUE, "dates" varchar(255) NOT NULL, "salePrice" varchar(255) NOT NULL, "comments" text NULL, "bonOrder" varchar(100) NULL, "invoiceDev" varchar(100) NULL, "condition" varchar(255) NULL, "formation_id" integer NULL REFERENCES "formation_formation" ("id") DEFERRABLE INITIALLY DEFERRED, "status_id" integer NULL REFERENCES "formation_projectstatus" ("id") DEFERRABLE INITIALLY DEFERRED);
CREATE INDEX IF NOT EXISTS "address_address_country_id_cc79e617" ON "address_address" ("country_id");
CREATE UNIQUE INDEX "auth_group_permissions_group_id_permission_id_0cd325b0_uniq" ON "auth_group_permissions" ("group_id", "permission_id");
CREATE INDEX IF NOT EXISTS "auth_group_permissions_group_id_b120cbf9" ON "auth_group_permissions" ("group_id");
CREATE INDEX IF NOT EXISTS "auth_group_permissions_permission_id_84c5c92e" ON "auth_group_permissions" ("permission_id");
CREATE UNIQUE INDEX "auth_user_groups_user_id_group_id_94350c0c_uniq" ON "auth_user_groups" ("user_id", "group_id");
CREATE INDEX IF NOT EXISTS "auth_user_groups_user_id_6a12ed8b" ON "auth_user_groups" ("user_id");
CREATE INDEX IF NOT EXISTS "auth_user_groups_group_id_97559544" ON "auth_user_groups" ("group_id");
CREATE UNIQUE INDEX "auth_user_user_permissions_user_id_permission_id_14a6b632_uniq" ON "auth_user_user_permissions" ("user_id", "permission_id");
CREATE INDEX IF NOT EXISTS "auth_user_user_permissions_user_id_a95ead1b" ON "auth_user_user_permissions" ("user_id");
CREATE INDEX IF NOT EXISTS "auth_user_user_permissions_permission_id_1fbb5f2c" ON "auth_user_user_permissions" ("permission_id");
CREATE INDEX IF NOT EXISTS "django_admin_log_content_type_id_c4bce8eb" ON "django_admin_log" ("content_type_id");
CREATE INDEX IF NOT EXISTS "django_admin_log_user_id_c564eba6" ON "django_admin_log" ("user_id");
CREATE UNIQUE INDEX "django_content_type_app_label_model_76bd3d3b_uniq" ON "django_content_type" ("app_label", "model");
CREATE UNIQUE INDEX "auth_permission_content_type_id_codename_01ab375a_uniq" ON "auth_permission" ("content_type_id", "codename");
CREATE INDEX IF NOT EXISTS "auth_permission_content_type_id_2f476e4b" ON "auth_permission" ("content_type_id");
CREATE INDEX IF NOT EXISTS "skill_skill_category_id_0284a83d" ON "skill_skill" ("category_id");
CREATE INDEX IF NOT EXISTS "developer_developerskill_developer_id_857ae723" ON "developer_developerskill" ("developer_id");
CREATE INDEX IF NOT EXISTS "developer_developerskill_level_id_57dbe2f0" ON "developer_developerskill" ("level_id");
CREATE INDEX IF NOT EXISTS "developer_developerskill_skill_id_b7a718d8" ON "developer_developerskill" ("skill_id");
CREATE UNIQUE INDEX "developer_developer_languages_developer_id_language_id_abd27480_uniq" ON "developer_developer_languages" ("developer_id", "language_id");
CREATE INDEX IF NOT EXISTS "developer_developer_languages_developer_id_8743f2d7" ON "developer_developer_languages" ("developer_id");
CREATE INDEX IF NOT EXISTS "developer_developer_languages_language_id_df7d2c35" ON "developer_developer_languages" ("language_id");
CREATE INDEX IF NOT EXISTS "formation_project_formation_id_5db9765f" ON "formation_project" ("formation_id");
CREATE UNIQUE INDEX "formation_project_developers_project_id_developer_id_78da034e_uniq" ON "formation_project_developers" ("project_id", "developer_id");
CREATE INDEX IF NOT EXISTS "formation_project_developers_project_id_ca31a149" ON "formation_project_developers" ("project_id");
CREATE INDEX IF NOT EXISTS "formation_project_developers_developer_id_bfbd3053" ON "formation_project_developers" ("developer_id");
CREATE INDEX IF NOT EXISTS "formation_projectinvoice_project_id_b55366e1" ON "formation_projectinvoice" ("project_id");
CREATE UNIQUE INDEX "formation_project_invoices_project_id_projectinvoice_id_e443a7ba_uniq" ON "formation_project_invoices" ("project_id", "projectinvoice_id");
CREATE INDEX IF NOT EXISTS "formation_project_invoices_project_id_083c211a" ON "formation_project_invoices" ("project_id");
CREATE INDEX IF NOT EXISTS "formation_project_invoices_projectinvoice_id_b98be4b5" ON "formation_project_invoices" ("projectinvoice_id");
CREATE INDEX IF NOT EXISTS "formation_project_status_id_7aa4dd23" ON "formation_project" ("status_id");
CREATE INDEX IF NOT EXISTS "formation_partner_contact_id_a0a731ae" ON "formation_partner" ("contact_id");
CREATE INDEX IF NOT EXISTS "formation_formationslide_formation_id_14b30858" ON "formation_formationslide" ("formation_id");
CREATE INDEX IF NOT EXISTS "formation_formation_duration_id_ccf1c714" ON "formation_formation" ("duration_id");
CREATE INDEX IF NOT EXISTS "django_session_expire_date_a5c62663" ON "django_session" ("expire_date");
CREATE INDEX IF NOT EXISTS "developer_developer_country_id_29beb66b" ON "developer_developer" ("country_id");
CREATE INDEX IF NOT EXISTS "developer_developer_status_id_5033c081" ON "developer_developer" ("status_id");
CREATE INDEX IF NOT EXISTS "django_cron_cronjoblog_code_48865653" ON "django_cron_cronjoblog" ("code");
CREATE INDEX IF NOT EXISTS "django_cron_cronjoblog_start_time_d68c0dd9" ON "django_cron_cronjoblog" ("start_time");
CREATE INDEX IF NOT EXISTS "django_cron_cronjoblog_end_time_7918602a" ON "django_cron_cronjoblog" ("end_time");
CREATE INDEX IF NOT EXISTS "django_cron_cronjoblog_ran_at_time_7fed2751" ON "django_cron_cronjoblog" ("ran_at_time");
CREATE INDEX IF NOT EXISTS "django_cron_cronjoblog_code_start_time_ran_at_time_8b50b8fa_idx" ON "django_cron_cronjoblog" ("code", "start_time", "ran_at_time");
CREATE INDEX IF NOT EXISTS "django_cron_cronjoblog_code_is_success_ran_at_time_84da9606_idx" ON "django_cron_cronjoblog" ("code", "is_success", "ran_at_time");
CREATE INDEX IF NOT EXISTS "django_cron_cronjoblog_code_start_time_4fc78f9d_idx" ON "django_cron_cronjoblog" ("code", "start_time");
CREATE INDEX IF NOT EXISTS "developer_experience_developer_id_a7a9a055" ON "developer_experience" ("developer_id");
CREATE TABLE IF NOT EXISTS "formation_project_developers" ("id" integer NOT NULL PRIMARY KEY AUTOINCREMENT, "project_id" integer NOT NULL REFERENCES "formation_project" ("id") DEFERRABLE INITIALLY DEFERRED, "developer_id" integer NOT NULL REFERENCES "developer_developer" ("id") DEFERRABLE INITIALLY DEFERRED);
CREATE INDEX IF NOT EXISTS "address_address_country_id_cc79e617" ON "address_address" ("country_id");
CREATE UNIQUE INDEX "auth_group_permissions_group_id_permission_id_0cd325b0_uniq" ON "auth_group_permissions" ("group_id", "permission_id");
CREATE INDEX IF NOT EXISTS "auth_group_permissions_group_id_b120cbf9" ON "auth_group_permissions" ("group_id");
CREATE INDEX IF NOT EXISTS "auth_group_permissions_permission_id_84c5c92e" ON "auth_group_permissions" ("permission_id");
CREATE UNIQUE INDEX "auth_user_groups_user_id_group_id_94350c0c_uniq" ON "auth_user_groups" ("user_id", "group_id");
CREATE INDEX IF NOT EXISTS "auth_user_groups_user_id_6a12ed8b" ON "auth_user_groups" ("user_id");
CREATE INDEX IF NOT EXISTS "auth_user_groups_group_id_97559544" ON "auth_user_groups" ("group_id");
CREATE UNIQUE INDEX "auth_user_user_permissions_user_id_permission_id_14a6b632_uniq" ON "auth_user_user_permissions" ("user_id", "permission_id");
CREATE INDEX IF NOT EXISTS "auth_user_user_permissions_user_id_a95ead1b" ON "auth_user_user_permissions" ("user_id");
CREATE INDEX IF NOT EXISTS "auth_user_user_permissions_permission_id_1fbb5f2c" ON "auth_user_user_permissions" ("permission_id");
CREATE INDEX IF NOT EXISTS "django_admin_log_content_type_id_c4bce8eb" ON "django_admin_log" ("content_type_id");
CREATE INDEX IF NOT EXISTS "django_admin_log_user_id_c564eba6" ON "django_admin_log" ("user_id");
CREATE UNIQUE INDEX "django_content_type_app_label_model_76bd3d3b_uniq" ON "django_content_type" ("app_label", "model");
CREATE UNIQUE INDEX "auth_permission_content_type_id_codename_01ab375a_uniq" ON "auth_permission" ("content_type_id", "codename");
CREATE INDEX IF NOT EXISTS "auth_permission_content_type_id_2f476e4b" ON "auth_permission" ("content_type_id");
CREATE INDEX IF NOT EXISTS "skill_skill_category_id_0284a83d" ON "skill_skill" ("category_id");
CREATE INDEX IF NOT EXISTS "developer_developerskill_developer_id_857ae723" ON "developer_developerskill" ("developer_id");
CREATE INDEX IF NOT EXISTS "developer_developerskill_level_id_57dbe2f0" ON "developer_developerskill" ("level_id");
CREATE INDEX IF NOT EXISTS "developer_developerskill_skill_id_b7a718d8" ON "developer_developerskill" ("skill_id");
CREATE UNIQUE INDEX "developer_developer_languages_developer_id_language_id_abd27480_uniq" ON "developer_developer_languages" ("developer_id", "language_id");
CREATE INDEX IF NOT EXISTS "developer_developer_languages_developer_id_8743f2d7" ON "developer_developer_languages" ("developer_id");
CREATE INDEX IF NOT EXISTS "developer_developer_languages_language_id_df7d2c35" ON "developer_developer_languages" ("language_id");
CREATE INDEX IF NOT EXISTS "formation_project_formation_id_5db9765f" ON "formation_project" ("formation_id");
CREATE UNIQUE INDEX "formation_project_developers_project_id_developer_id_78da034e_uniq" ON "formation_project_developers" ("project_id", "developer_id");
CREATE INDEX IF NOT EXISTS "formation_project_developers_project_id_ca31a149" ON "formation_project_developers" ("project_id");
CREATE INDEX IF NOT EXISTS "formation_project_developers_developer_id_bfbd3053" ON "formation_project_developers" ("developer_id");
CREATE INDEX IF NOT EXISTS "formation_projectinvoice_project_id_b55366e1" ON "formation_projectinvoice" ("project_id");
CREATE UNIQUE INDEX "formation_project_invoices_project_id_projectinvoice_id_e443a7ba_uniq" ON "formation_project_invoices" ("project_id", "projectinvoice_id");
CREATE INDEX IF NOT EXISTS "formation_project_invoices_project_id_083c211a" ON "formation_project_invoices" ("project_id");
CREATE INDEX IF NOT EXISTS "formation_project_invoices_projectinvoice_id_b98be4b5" ON "formation_project_invoices" ("projectinvoice_id");
CREATE INDEX IF NOT EXISTS "formation_project_status_id_7aa4dd23" ON "formation_project" ("status_id");
CREATE INDEX IF NOT EXISTS "formation_partner_contact_id_a0a731ae" ON "formation_partner" ("contact_id");
CREATE INDEX IF NOT EXISTS "formation_formationslide_formation_id_14b30858" ON "formation_formationslide" ("formation_id");
CREATE INDEX IF NOT EXISTS "formation_formation_duration_id_ccf1c714" ON "formation_formation" ("duration_id");
CREATE INDEX IF NOT EXISTS "django_session_expire_date_a5c62663" ON "django_session" ("expire_date");
CREATE INDEX IF NOT EXISTS "developer_developer_country_id_29beb66b" ON "developer_developer" ("country_id");
CREATE INDEX IF NOT EXISTS "developer_developer_status_id_5033c081" ON "developer_developer" ("status_id");
CREATE INDEX IF NOT EXISTS "django_cron_cronjoblog_code_48865653" ON "django_cron_cronjoblog" ("code");
CREATE INDEX IF NOT EXISTS "django_cron_cronjoblog_start_time_d68c0dd9" ON "django_cron_cronjoblog" ("start_time");
CREATE INDEX IF NOT EXISTS "django_cron_cronjoblog_end_time_7918602a" ON "django_cron_cronjoblog" ("end_time");
CREATE INDEX IF NOT EXISTS "django_cron_cronjoblog_ran_at_time_7fed2751" ON "django_cron_cronjoblog" ("ran_at_time");
CREATE INDEX IF NOT EXISTS "django_cron_cronjoblog_code_start_time_ran_at_time_8b50b8fa_idx" ON "django_cron_cronjoblog" ("code", "start_time", "ran_at_time");
CREATE INDEX IF NOT EXISTS "django_cron_cronjoblog_code_is_success_ran_at_time_84da9606_idx" ON "django_cron_cronjoblog" ("code", "is_success", "ran_at_time");
CREATE INDEX IF NOT EXISTS "django_cron_cronjoblog_code_start_time_4fc78f9d_idx" ON "django_cron_cronjoblog" ("code", "start_time");
CREATE INDEX IF NOT EXISTS "developer_experience_developer_id_a7a9a055" ON "developer_experience" ("developer_id");
CREATE TABLE IF NOT EXISTS "formation_project_invoices" ("id" integer NOT NULL PRIMARY KEY AUTOINCREMENT, "project_id" integer NOT NULL REFERENCES "formation_project" ("id") DEFERRABLE INITIALLY DEFERRED, "projectinvoice_id" integer NOT NULL REFERENCES "formation_projectinvoice" ("id") DEFERRABLE INITIALLY DEFERRED);
CREATE INDEX IF NOT EXISTS "address_address_country_id_cc79e617" ON "address_address" ("country_id");
CREATE UNIQUE INDEX "auth_group_permissions_group_id_permission_id_0cd325b0_uniq" ON "auth_group_permissions" ("group_id", "permission_id");
CREATE INDEX IF NOT EXISTS "auth_group_permissions_group_id_b120cbf9" ON "auth_group_permissions" ("group_id");
CREATE INDEX IF NOT EXISTS "auth_group_permissions_permission_id_84c5c92e" ON "auth_group_permissions" ("permission_id");
CREATE UNIQUE INDEX "auth_user_groups_user_id_group_id_94350c0c_uniq" ON "auth_user_groups" ("user_id", "group_id");
CREATE INDEX IF NOT EXISTS "auth_user_groups_user_id_6a12ed8b" ON "auth_user_groups" ("user_id");
CREATE INDEX IF NOT EXISTS "auth_user_groups_group_id_97559544" ON "auth_user_groups" ("group_id");
CREATE UNIQUE INDEX "auth_user_user_permissions_user_id_permission_id_14a6b632_uniq" ON "auth_user_user_permissions" ("user_id", "permission_id");
CREATE INDEX IF NOT EXISTS "auth_user_user_permissions_user_id_a95ead1b" ON "auth_user_user_permissions" ("user_id");
CREATE INDEX IF NOT EXISTS "auth_user_user_permissions_permission_id_1fbb5f2c" ON "auth_user_user_permissions" ("permission_id");
CREATE INDEX IF NOT EXISTS "django_admin_log_content_type_id_c4bce8eb" ON "django_admin_log" ("content_type_id");
CREATE INDEX IF NOT EXISTS "django_admin_log_user_id_c564eba6" ON "django_admin_log" ("user_id");
CREATE UNIQUE INDEX "django_content_type_app_label_model_76bd3d3b_uniq" ON "django_content_type" ("app_label", "model");
CREATE UNIQUE INDEX "auth_permission_content_type_id_codename_01ab375a_uniq" ON "auth_permission" ("content_type_id", "codename");
CREATE INDEX IF NOT EXISTS "auth_permission_content_type_id_2f476e4b" ON "auth_permission" ("content_type_id");
CREATE INDEX IF NOT EXISTS "skill_skill_category_id_0284a83d" ON "skill_skill" ("category_id");
CREATE INDEX IF NOT EXISTS "developer_developerskill_developer_id_857ae723" ON "developer_developerskill" ("developer_id");
CREATE INDEX IF NOT EXISTS "developer_developerskill_level_id_57dbe2f0" ON "developer_developerskill" ("level_id");
CREATE INDEX IF NOT EXISTS "developer_developerskill_skill_id_b7a718d8" ON "developer_developerskill" ("skill_id");
CREATE UNIQUE INDEX "developer_developer_languages_developer_id_language_id_abd27480_uniq" ON "developer_developer_languages" ("developer_id", "language_id");
CREATE INDEX IF NOT EXISTS "developer_developer_languages_developer_id_8743f2d7" ON "developer_developer_languages" ("developer_id");
CREATE INDEX IF NOT EXISTS "developer_developer_languages_language_id_df7d2c35" ON "developer_developer_languages" ("language_id");
CREATE INDEX IF NOT EXISTS "formation_project_formation_id_5db9765f" ON "formation_project" ("formation_id");
CREATE UNIQUE INDEX "formation_project_developers_project_id_developer_id_78da034e_uniq" ON "formation_project_developers" ("project_id", "developer_id");
CREATE INDEX IF NOT EXISTS "formation_project_developers_project_id_ca31a149" ON "formation_project_developers" ("project_id");
CREATE INDEX IF NOT EXISTS "formation_project_developers_developer_id_bfbd3053" ON "formation_project_developers" ("developer_id");
CREATE INDEX IF NOT EXISTS "formation_projectinvoice_project_id_b55366e1" ON "formation_projectinvoice" ("project_id");
CREATE UNIQUE INDEX "formation_project_invoices_project_id_projectinvoice_id_e443a7ba_uniq" ON "formation_project_invoices" ("project_id", "projectinvoice_id");
CREATE INDEX IF NOT EXISTS "formation_project_invoices_project_id_083c211a" ON "formation_project_invoices" ("project_id");
CREATE INDEX IF NOT EXISTS "formation_project_invoices_projectinvoice_id_b98be4b5" ON "formation_project_invoices" ("projectinvoice_id");
CREATE INDEX IF NOT EXISTS "formation_project_status_id_7aa4dd23" ON "formation_project" ("status_id");
CREATE INDEX IF NOT EXISTS "formation_partner_contact_id_a0a731ae" ON "formation_partner" ("contact_id");
CREATE INDEX IF NOT EXISTS "formation_formationslide_formation_id_14b30858" ON "formation_formationslide" ("formation_id");
CREATE INDEX IF NOT EXISTS "formation_formation_duration_id_ccf1c714" ON "formation_formation" ("duration_id");
CREATE INDEX IF NOT EXISTS "django_session_expire_date_a5c62663" ON "django_session" ("expire_date");
CREATE INDEX IF NOT EXISTS "developer_developer_country_id_29beb66b" ON "developer_developer" ("country_id");
CREATE INDEX IF NOT EXISTS "developer_developer_status_id_5033c081" ON "developer_developer" ("status_id");
CREATE INDEX IF NOT EXISTS "django_cron_cronjoblog_code_48865653" ON "django_cron_cronjoblog" ("code");
CREATE INDEX IF NOT EXISTS "django_cron_cronjoblog_start_time_d68c0dd9" ON "django_cron_cronjoblog" ("start_time");
CREATE INDEX IF NOT EXISTS "django_cron_cronjoblog_end_time_7918602a" ON "django_cron_cronjoblog" ("end_time");
CREATE INDEX IF NOT EXISTS "django_cron_cronjoblog_ran_at_time_7fed2751" ON "django_cron_cronjoblog" ("ran_at_time");
CREATE INDEX IF NOT EXISTS "django_cron_cronjoblog_code_start_time_ran_at_time_8b50b8fa_idx" ON "django_cron_cronjoblog" ("code", "start_time", "ran_at_time");
CREATE INDEX IF NOT EXISTS "django_cron_cronjoblog_code_is_success_ran_at_time_84da9606_idx" ON "django_cron_cronjoblog" ("code", "is_success", "ran_at_time");
CREATE INDEX IF NOT EXISTS "django_cron_cronjoblog_code_start_time_4fc78f9d_idx" ON "django_cron_cronjoblog" ("code", "start_time");
CREATE INDEX IF NOT EXISTS "developer_experience_developer_id_a7a9a055" ON "developer_experience" ("developer_id");
CREATE TABLE IF NOT EXISTS "formation_projectinvoice" ("id" integer NOT NULL PRIMARY KEY AUTOINCREMENT, "name" varchar(255) NOT NULL UNIQUE, "file" varchar(100) NULL, "project_id" integer NOT NULL REFERENCES "formation_project" ("id") DEFERRABLE INITIALLY DEFERRED);
CREATE INDEX IF NOT EXISTS "address_address_country_id_cc79e617" ON "address_address" ("country_id");
CREATE UNIQUE INDEX "auth_group_permissions_group_id_permission_id_0cd325b0_uniq" ON "auth_group_permissions" ("group_id", "permission_id");
CREATE INDEX IF NOT EXISTS "auth_group_permissions_group_id_b120cbf9" ON "auth_group_permissions" ("group_id");
CREATE INDEX IF NOT EXISTS "auth_group_permissions_permission_id_84c5c92e" ON "auth_group_permissions" ("permission_id");
CREATE UNIQUE INDEX "auth_user_groups_user_id_group_id_94350c0c_uniq" ON "auth_user_groups" ("user_id", "group_id");
CREATE INDEX IF NOT EXISTS "auth_user_groups_user_id_6a12ed8b" ON "auth_user_groups" ("user_id");
CREATE INDEX IF NOT EXISTS "auth_user_groups_group_id_97559544" ON "auth_user_groups" ("group_id");
CREATE UNIQUE INDEX "auth_user_user_permissions_user_id_permission_id_14a6b632_uniq" ON "auth_user_user_permissions" ("user_id", "permission_id");
CREATE INDEX IF NOT EXISTS "auth_user_user_permissions_user_id_a95ead1b" ON "auth_user_user_permissions" ("user_id");
CREATE INDEX IF NOT EXISTS "auth_user_user_permissions_permission_id_1fbb5f2c" ON "auth_user_user_permissions" ("permission_id");
CREATE INDEX IF NOT EXISTS "django_admin_log_content_type_id_c4bce8eb" ON "django_admin_log" ("content_type_id");
CREATE INDEX IF NOT EXISTS "django_admin_log_user_id_c564eba6" ON "django_admin_log" ("user_id");
CREATE UNIQUE INDEX "django_content_type_app_label_model_76bd3d3b_uniq" ON "django_content_type" ("app_label", "model");
CREATE UNIQUE INDEX "auth_permission_content_type_id_codename_01ab375a_uniq" ON "auth_permission" ("content_type_id", "codename");
CREATE INDEX IF NOT EXISTS "auth_permission_content_type_id_2f476e4b" ON "auth_permission" ("content_type_id");
CREATE INDEX IF NOT EXISTS "skill_skill_category_id_0284a83d" ON "skill_skill" ("category_id");
CREATE INDEX IF NOT EXISTS "developer_developerskill_developer_id_857ae723" ON "developer_developerskill" ("developer_id");
CREATE INDEX IF NOT EXISTS "developer_developerskill_level_id_57dbe2f0" ON "developer_developerskill" ("level_id");
CREATE INDEX IF NOT EXISTS "developer_developerskill_skill_id_b7a718d8" ON "developer_developerskill" ("skill_id");
CREATE UNIQUE INDEX "developer_developer_languages_developer_id_language_id_abd27480_uniq" ON "developer_developer_languages" ("developer_id", "language_id");
CREATE INDEX IF NOT EXISTS "developer_developer_languages_developer_id_8743f2d7" ON "developer_developer_languages" ("developer_id");
CREATE INDEX IF NOT EXISTS "developer_developer_languages_language_id_df7d2c35" ON "developer_developer_languages" ("language_id");
CREATE INDEX IF NOT EXISTS "formation_project_formation_id_5db9765f" ON "formation_project" ("formation_id");
CREATE UNIQUE INDEX "formation_project_developers_project_id_developer_id_78da034e_uniq" ON "formation_project_developers" ("project_id", "developer_id");
CREATE INDEX IF NOT EXISTS "formation_project_developers_project_id_ca31a149" ON "formation_project_developers" ("project_id");
CREATE INDEX IF NOT EXISTS "formation_project_developers_developer_id_bfbd3053" ON "formation_project_developers" ("developer_id");
CREATE INDEX IF NOT EXISTS "formation_projectinvoice_project_id_b55366e1" ON "formation_projectinvoice" ("project_id");
CREATE UNIQUE INDEX "formation_project_invoices_project_id_projectinvoice_id_e443a7ba_uniq" ON "formation_project_invoices" ("project_id", "projectinvoice_id");
CREATE INDEX IF NOT EXISTS "formation_project_invoices_project_id_083c211a" ON "formation_project_invoices" ("project_id");
CREATE INDEX IF NOT EXISTS "formation_project_invoices_projectinvoice_id_b98be4b5" ON "formation_project_invoices" ("projectinvoice_id");
CREATE INDEX IF NOT EXISTS "formation_project_status_id_7aa4dd23" ON "formation_project" ("status_id");
CREATE INDEX IF NOT EXISTS "formation_partner_contact_id_a0a731ae" ON "formation_partner" ("contact_id");
CREATE INDEX IF NOT EXISTS "formation_formationslide_formation_id_14b30858" ON "formation_formationslide" ("formation_id");
CREATE INDEX IF NOT EXISTS "formation_formation_duration_id_ccf1c714" ON "formation_formation" ("duration_id");
CREATE INDEX IF NOT EXISTS "django_session_expire_date_a5c62663" ON "django_session" ("expire_date");
CREATE INDEX IF NOT EXISTS "developer_developer_country_id_29beb66b" ON "developer_developer" ("country_id");
CREATE INDEX IF NOT EXISTS "developer_developer_status_id_5033c081" ON "developer_developer" ("status_id");
CREATE INDEX IF NOT EXISTS "django_cron_cronjoblog_code_48865653" ON "django_cron_cronjoblog" ("code");
CREATE INDEX IF NOT EXISTS "django_cron_cronjoblog_start_time_d68c0dd9" ON "django_cron_cronjoblog" ("start_time");
CREATE INDEX IF NOT EXISTS "django_cron_cronjoblog_end_time_7918602a" ON "django_cron_cronjoblog" ("end_time");
CREATE INDEX IF NOT EXISTS "django_cron_cronjoblog_ran_at_time_7fed2751" ON "django_cron_cronjoblog" ("ran_at_time");
CREATE INDEX IF NOT EXISTS "django_cron_cronjoblog_code_start_time_ran_at_time_8b50b8fa_idx" ON "django_cron_cronjoblog" ("code", "start_time", "ran_at_time");
CREATE INDEX IF NOT EXISTS "django_cron_cronjoblog_code_is_success_ran_at_time_84da9606_idx" ON "django_cron_cronjoblog" ("code", "is_success", "ran_at_time");
CREATE INDEX IF NOT EXISTS "django_cron_cronjoblog_code_start_time_4fc78f9d_idx" ON "django_cron_cronjoblog" ("code", "start_time");
CREATE INDEX IF NOT EXISTS "developer_experience_developer_id_a7a9a055" ON "developer_experience" ("developer_id");
CREATE TABLE IF NOT EXISTS "formation_projectstatus" ("id" integer NOT NULL PRIMARY KEY AUTOINCREMENT, "name" varchar(255) NOT NULL UNIQUE);
CREATE INDEX IF NOT EXISTS "address_address_country_id_cc79e617" ON "address_address" ("country_id");
CREATE UNIQUE INDEX "auth_group_permissions_group_id_permission_id_0cd325b0_uniq" ON "auth_group_permissions" ("group_id", "permission_id");
CREATE INDEX IF NOT EXISTS "auth_group_permissions_group_id_b120cbf9" ON "auth_group_permissions" ("group_id");
CREATE INDEX IF NOT EXISTS "auth_group_permissions_permission_id_84c5c92e" ON "auth_group_permissions" ("permission_id");
CREATE UNIQUE INDEX "auth_user_groups_user_id_group_id_94350c0c_uniq" ON "auth_user_groups" ("user_id", "group_id");
CREATE INDEX IF NOT EXISTS "auth_user_groups_user_id_6a12ed8b" ON "auth_user_groups" ("user_id");
CREATE INDEX IF NOT EXISTS "auth_user_groups_group_id_97559544" ON "auth_user_groups" ("group_id");
CREATE UNIQUE INDEX "auth_user_user_permissions_user_id_permission_id_14a6b632_uniq" ON "auth_user_user_permissions" ("user_id", "permission_id");
CREATE INDEX IF NOT EXISTS "auth_user_user_permissions_user_id_a95ead1b" ON "auth_user_user_permissions" ("user_id");
CREATE INDEX IF NOT EXISTS "auth_user_user_permissions_permission_id_1fbb5f2c" ON "auth_user_user_permissions" ("permission_id");
CREATE INDEX IF NOT EXISTS "django_admin_log_content_type_id_c4bce8eb" ON "django_admin_log" ("content_type_id");
CREATE INDEX IF NOT EXISTS "django_admin_log_user_id_c564eba6" ON "django_admin_log" ("user_id");
CREATE UNIQUE INDEX "django_content_type_app_label_model_76bd3d3b_uniq" ON "django_content_type" ("app_label", "model");
CREATE UNIQUE INDEX "auth_permission_content_type_id_codename_01ab375a_uniq" ON "auth_permission" ("content_type_id", "codename");
CREATE INDEX IF NOT EXISTS "auth_permission_content_type_id_2f476e4b" ON "auth_permission" ("content_type_id");
CREATE INDEX IF NOT EXISTS "skill_skill_category_id_0284a83d" ON "skill_skill" ("category_id");
CREATE INDEX IF NOT EXISTS "developer_developerskill_developer_id_857ae723" ON "developer_developerskill" ("developer_id");
CREATE INDEX IF NOT EXISTS "developer_developerskill_level_id_57dbe2f0" ON "developer_developerskill" ("level_id");
CREATE INDEX IF NOT EXISTS "developer_developerskill_skill_id_b7a718d8" ON "developer_developerskill" ("skill_id");
CREATE UNIQUE INDEX "developer_developer_languages_developer_id_language_id_abd27480_uniq" ON "developer_developer_languages" ("developer_id", "language_id");
CREATE INDEX IF NOT EXISTS "developer_developer_languages_developer_id_8743f2d7" ON "developer_developer_languages" ("developer_id");
CREATE INDEX IF NOT EXISTS "developer_developer_languages_language_id_df7d2c35" ON "developer_developer_languages" ("language_id");
CREATE INDEX IF NOT EXISTS "formation_project_formation_id_5db9765f" ON "formation_project" ("formation_id");
CREATE UNIQUE INDEX "formation_project_developers_project_id_developer_id_78da034e_uniq" ON "formation_project_developers" ("project_id", "developer_id");
CREATE INDEX IF NOT EXISTS "formation_project_developers_project_id_ca31a149" ON "formation_project_developers" ("project_id");
CREATE INDEX IF NOT EXISTS "formation_project_developers_developer_id_bfbd3053" ON "formation_project_developers" ("developer_id");
CREATE INDEX IF NOT EXISTS "formation_projectinvoice_project_id_b55366e1" ON "formation_projectinvoice" ("project_id");
CREATE UNIQUE INDEX "formation_project_invoices_project_id_projectinvoice_id_e443a7ba_uniq" ON "formation_project_invoices" ("project_id", "projectinvoice_id");
CREATE INDEX IF NOT EXISTS "formation_project_invoices_project_id_083c211a" ON "formation_project_invoices" ("project_id");
CREATE INDEX IF NOT EXISTS "formation_project_invoices_projectinvoice_id_b98be4b5" ON "formation_project_invoices" ("projectinvoice_id");
CREATE INDEX IF NOT EXISTS "formation_project_status_id_7aa4dd23" ON "formation_project" ("status_id");
CREATE INDEX IF NOT EXISTS "formation_partner_contact_id_a0a731ae" ON "formation_partner" ("contact_id");
CREATE INDEX IF NOT EXISTS "formation_formationslide_formation_id_14b30858" ON "formation_formationslide" ("formation_id");
CREATE INDEX IF NOT EXISTS "formation_formation_duration_id_ccf1c714" ON "formation_formation" ("duration_id");
CREATE INDEX IF NOT EXISTS "django_session_expire_date_a5c62663" ON "django_session" ("expire_date");
CREATE INDEX IF NOT EXISTS "developer_developer_country_id_29beb66b" ON "developer_developer" ("country_id");
CREATE INDEX IF NOT EXISTS "developer_developer_status_id_5033c081" ON "developer_developer" ("status_id");
CREATE INDEX IF NOT EXISTS "django_cron_cronjoblog_code_48865653" ON "django_cron_cronjoblog" ("code");
CREATE INDEX IF NOT EXISTS "django_cron_cronjoblog_start_time_d68c0dd9" ON "django_cron_cronjoblog" ("start_time");
CREATE INDEX IF NOT EXISTS "django_cron_cronjoblog_end_time_7918602a" ON "django_cron_cronjoblog" ("end_time");
CREATE INDEX IF NOT EXISTS "django_cron_cronjoblog_ran_at_time_7fed2751" ON "django_cron_cronjoblog" ("ran_at_time");
CREATE INDEX IF NOT EXISTS "django_cron_cronjoblog_code_start_time_ran_at_time_8b50b8fa_idx" ON "django_cron_cronjoblog" ("code", "start_time", "ran_at_time");
CREATE INDEX IF NOT EXISTS "django_cron_cronjoblog_code_is_success_ran_at_time_84da9606_idx" ON "django_cron_cronjoblog" ("code", "is_success", "ran_at_time");
CREATE INDEX IF NOT EXISTS "django_cron_cronjoblog_code_start_time_4fc78f9d_idx" ON "django_cron_cronjoblog" ("code", "start_time");
CREATE INDEX IF NOT EXISTS "developer_experience_developer_id_a7a9a055" ON "developer_experience" ("developer_id");
CREATE TABLE IF NOT EXISTS "skill_skill" ("id" integer NOT NULL PRIMARY KEY AUTOINCREMENT, "name" varchar(255) NOT NULL UNIQUE, "category_id" integer NULL REFERENCES "skill_skillcategory" ("id") DEFERRABLE INITIALLY DEFERRED);
INSERT INTO "skill_skill" VALUES(1,'Flutter',4);
INSERT INTO "skill_skill" VALUES(2,'Django',2);
CREATE INDEX IF NOT EXISTS "address_address_country_id_cc79e617" ON "address_address" ("country_id");
CREATE UNIQUE INDEX "auth_group_permissions_group_id_permission_id_0cd325b0_uniq" ON "auth_group_permissions" ("group_id", "permission_id");
CREATE INDEX IF NOT EXISTS "auth_group_permissions_group_id_b120cbf9" ON "auth_group_permissions" ("group_id");
CREATE INDEX IF NOT EXISTS "auth_group_permissions_permission_id_84c5c92e" ON "auth_group_permissions" ("permission_id");
CREATE UNIQUE INDEX "auth_user_groups_user_id_group_id_94350c0c_uniq" ON "auth_user_groups" ("user_id", "group_id");
CREATE INDEX IF NOT EXISTS "auth_user_groups_user_id_6a12ed8b" ON "auth_user_groups" ("user_id");
CREATE INDEX IF NOT EXISTS "auth_user_groups_group_id_97559544" ON "auth_user_groups" ("group_id");
CREATE UNIQUE INDEX "auth_user_user_permissions_user_id_permission_id_14a6b632_uniq" ON "auth_user_user_permissions" ("user_id", "permission_id");
CREATE INDEX IF NOT EXISTS "auth_user_user_permissions_user_id_a95ead1b" ON "auth_user_user_permissions" ("user_id");
CREATE INDEX IF NOT EXISTS "auth_user_user_permissions_permission_id_1fbb5f2c" ON "auth_user_user_permissions" ("permission_id");
CREATE INDEX IF NOT EXISTS "django_admin_log_content_type_id_c4bce8eb" ON "django_admin_log" ("content_type_id");
CREATE INDEX IF NOT EXISTS "django_admin_log_user_id_c564eba6" ON "django_admin_log" ("user_id");
CREATE UNIQUE INDEX "django_content_type_app_label_model_76bd3d3b_uniq" ON "django_content_type" ("app_label", "model");
CREATE UNIQUE INDEX "auth_permission_content_type_id_codename_01ab375a_uniq" ON "auth_permission" ("content_type_id", "codename");
CREATE INDEX IF NOT EXISTS "auth_permission_content_type_id_2f476e4b" ON "auth_permission" ("content_type_id");
CREATE INDEX IF NOT EXISTS "skill_skill_category_id_0284a83d" ON "skill_skill" ("category_id");
CREATE INDEX IF NOT EXISTS "developer_developerskill_developer_id_857ae723" ON "developer_developerskill" ("developer_id");
CREATE INDEX IF NOT EXISTS "developer_developerskill_level_id_57dbe2f0" ON "developer_developerskill" ("level_id");
CREATE INDEX IF NOT EXISTS "developer_developerskill_skill_id_b7a718d8" ON "developer_developerskill" ("skill_id");
CREATE UNIQUE INDEX "developer_developer_languages_developer_id_language_id_abd27480_uniq" ON "developer_developer_languages" ("developer_id", "language_id");
CREATE INDEX IF NOT EXISTS "developer_developer_languages_developer_id_8743f2d7" ON "developer_developer_languages" ("developer_id");
CREATE INDEX IF NOT EXISTS "developer_developer_languages_language_id_df7d2c35" ON "developer_developer_languages" ("language_id");
CREATE INDEX IF NOT EXISTS "formation_project_formation_id_5db9765f" ON "formation_project" ("formation_id");
CREATE UNIQUE INDEX "formation_project_developers_project_id_developer_id_78da034e_uniq" ON "formation_project_developers" ("project_id", "developer_id");
CREATE INDEX IF NOT EXISTS "formation_project_developers_project_id_ca31a149" ON "formation_project_developers" ("project_id");
CREATE INDEX IF NOT EXISTS "formation_project_developers_developer_id_bfbd3053" ON "formation_project_developers" ("developer_id");
CREATE INDEX IF NOT EXISTS "formation_projectinvoice_project_id_b55366e1" ON "formation_projectinvoice" ("project_id");
CREATE UNIQUE INDEX "formation_project_invoices_project_id_projectinvoice_id_e443a7ba_uniq" ON "formation_project_invoices" ("project_id", "projectinvoice_id");
CREATE INDEX IF NOT EXISTS "formation_project_invoices_project_id_083c211a" ON "formation_project_invoices" ("project_id");
CREATE INDEX IF NOT EXISTS "formation_project_invoices_projectinvoice_id_b98be4b5" ON "formation_project_invoices" ("projectinvoice_id");
CREATE INDEX IF NOT EXISTS "formation_project_status_id_7aa4dd23" ON "formation_project" ("status_id");
CREATE INDEX IF NOT EXISTS "formation_partner_contact_id_a0a731ae" ON "formation_partner" ("contact_id");
CREATE INDEX IF NOT EXISTS "formation_formationslide_formation_id_14b30858" ON "formation_formationslide" ("formation_id");
CREATE INDEX IF NOT EXISTS "formation_formation_duration_id_ccf1c714" ON "formation_formation" ("duration_id");
CREATE INDEX IF NOT EXISTS "django_session_expire_date_a5c62663" ON "django_session" ("expire_date");
CREATE INDEX IF NOT EXISTS "developer_developer_country_id_29beb66b" ON "developer_developer" ("country_id");
CREATE INDEX IF NOT EXISTS "developer_developer_status_id_5033c081" ON "developer_developer" ("status_id");
CREATE INDEX IF NOT EXISTS "django_cron_cronjoblog_code_48865653" ON "django_cron_cronjoblog" ("code");
CREATE INDEX IF NOT EXISTS "django_cron_cronjoblog_start_time_d68c0dd9" ON "django_cron_cronjoblog" ("start_time");
CREATE INDEX IF NOT EXISTS "django_cron_cronjoblog_end_time_7918602a" ON "django_cron_cronjoblog" ("end_time");
CREATE INDEX IF NOT EXISTS "django_cron_cronjoblog_ran_at_time_7fed2751" ON "django_cron_cronjoblog" ("ran_at_time");
CREATE INDEX IF NOT EXISTS "django_cron_cronjoblog_code_start_time_ran_at_time_8b50b8fa_idx" ON "django_cron_cronjoblog" ("code", "start_time", "ran_at_time");
CREATE INDEX IF NOT EXISTS "django_cron_cronjoblog_code_is_success_ran_at_time_84da9606_idx" ON "django_cron_cronjoblog" ("code", "is_success", "ran_at_time");
CREATE INDEX IF NOT EXISTS "django_cron_cronjoblog_code_start_time_4fc78f9d_idx" ON "django_cron_cronjoblog" ("code", "start_time");
CREATE INDEX IF NOT EXISTS "developer_experience_developer_id_a7a9a055" ON "developer_experience" ("developer_id");
CREATE TABLE IF NOT EXISTS "skill_skillcategory" ("id" integer NOT NULL PRIMARY KEY AUTOINCREMENT, "name" varchar(255) NULL UNIQUE);
INSERT INTO "skill_skillcategory" VALUES(1,'Frontend');
INSERT INTO "skill_skillcategory" VALUES(2,'Backend');
INSERT INTO "skill_skillcategory" VALUES(3,'DevOps');
INSERT INTO "skill_skillcategory" VALUES(4,'Mobile');
INSERT INTO "skill_skillcategory" VALUES(5,'');
CREATE INDEX IF NOT EXISTS "address_address_country_id_cc79e617" ON "address_address" ("country_id");
CREATE UNIQUE INDEX "auth_group_permissions_group_id_permission_id_0cd325b0_uniq" ON "auth_group_permissions" ("group_id", "permission_id");
CREATE INDEX IF NOT EXISTS "auth_group_permissions_group_id_b120cbf9" ON "auth_group_permissions" ("group_id");
CREATE INDEX IF NOT EXISTS "auth_group_permissions_permission_id_84c5c92e" ON "auth_group_permissions" ("permission_id");
CREATE UNIQUE INDEX "auth_user_groups_user_id_group_id_94350c0c_uniq" ON "auth_user_groups" ("user_id", "group_id");
CREATE INDEX IF NOT EXISTS "auth_user_groups_user_id_6a12ed8b" ON "auth_user_groups" ("user_id");
CREATE INDEX IF NOT EXISTS "auth_user_groups_group_id_97559544" ON "auth_user_groups" ("group_id");
CREATE UNIQUE INDEX "auth_user_user_permissions_user_id_permission_id_14a6b632_uniq" ON "auth_user_user_permissions" ("user_id", "permission_id");
CREATE INDEX IF NOT EXISTS "auth_user_user_permissions_user_id_a95ead1b" ON "auth_user_user_permissions" ("user_id");
CREATE INDEX IF NOT EXISTS "auth_user_user_permissions_permission_id_1fbb5f2c" ON "auth_user_user_permissions" ("permission_id");
CREATE INDEX IF NOT EXISTS "django_admin_log_content_type_id_c4bce8eb" ON "django_admin_log" ("content_type_id");
CREATE INDEX IF NOT EXISTS "django_admin_log_user_id_c564eba6" ON "django_admin_log" ("user_id");
CREATE UNIQUE INDEX "django_content_type_app_label_model_76bd3d3b_uniq" ON "django_content_type" ("app_label", "model");
CREATE UNIQUE INDEX "auth_permission_content_type_id_codename_01ab375a_uniq" ON "auth_permission" ("content_type_id", "codename");
CREATE INDEX IF NOT EXISTS "auth_permission_content_type_id_2f476e4b" ON "auth_permission" ("content_type_id");
CREATE INDEX IF NOT EXISTS "skill_skill_category_id_0284a83d" ON "skill_skill" ("category_id");
CREATE INDEX IF NOT EXISTS "developer_developerskill_developer_id_857ae723" ON "developer_developerskill" ("developer_id");
CREATE INDEX IF NOT EXISTS "developer_developerskill_level_id_57dbe2f0" ON "developer_developerskill" ("level_id");
CREATE INDEX IF NOT EXISTS "developer_developerskill_skill_id_b7a718d8" ON "developer_developerskill" ("skill_id");
CREATE UNIQUE INDEX "developer_developer_languages_developer_id_language_id_abd27480_uniq" ON "developer_developer_languages" ("developer_id", "language_id");
CREATE INDEX IF NOT EXISTS "developer_developer_languages_developer_id_8743f2d7" ON "developer_developer_languages" ("developer_id");
CREATE INDEX IF NOT EXISTS "developer_developer_languages_language_id_df7d2c35" ON "developer_developer_languages" ("language_id");
CREATE INDEX IF NOT EXISTS "formation_project_formation_id_5db9765f" ON "formation_project" ("formation_id");
CREATE UNIQUE INDEX "formation_project_developers_project_id_developer_id_78da034e_uniq" ON "formation_project_developers" ("project_id", "developer_id");
CREATE INDEX IF NOT EXISTS "formation_project_developers_project_id_ca31a149" ON "formation_project_developers" ("project_id");
CREATE INDEX IF NOT EXISTS "formation_project_developers_developer_id_bfbd3053" ON "formation_project_developers" ("developer_id");
CREATE INDEX IF NOT EXISTS "formation_projectinvoice_project_id_b55366e1" ON "formation_projectinvoice" ("project_id");
CREATE UNIQUE INDEX "formation_project_invoices_project_id_projectinvoice_id_e443a7ba_uniq" ON "formation_project_invoices" ("project_id", "projectinvoice_id");
CREATE INDEX IF NOT EXISTS "formation_project_invoices_project_id_083c211a" ON "formation_project_invoices" ("project_id");
CREATE INDEX IF NOT EXISTS "formation_project_invoices_projectinvoice_id_b98be4b5" ON "formation_project_invoices" ("projectinvoice_id");
CREATE INDEX IF NOT EXISTS "formation_project_status_id_7aa4dd23" ON "formation_project" ("status_id");
CREATE INDEX IF NOT EXISTS "formation_partner_contact_id_a0a731ae" ON "formation_partner" ("contact_id");
CREATE INDEX IF NOT EXISTS "formation_formationslide_formation_id_14b30858" ON "formation_formationslide" ("formation_id");
CREATE INDEX IF NOT EXISTS "formation_formation_duration_id_ccf1c714" ON "formation_formation" ("duration_id");
CREATE INDEX IF NOT EXISTS "django_session_expire_date_a5c62663" ON "django_session" ("expire_date");
CREATE INDEX IF NOT EXISTS "developer_developer_country_id_29beb66b" ON "developer_developer" ("country_id");
CREATE INDEX IF NOT EXISTS "developer_developer_status_id_5033c081" ON "developer_developer" ("status_id");
CREATE INDEX IF NOT EXISTS "django_cron_cronjoblog_code_48865653" ON "django_cron_cronjoblog" ("code");
CREATE INDEX IF NOT EXISTS "django_cron_cronjoblog_start_time_d68c0dd9" ON "django_cron_cronjoblog" ("start_time");
CREATE INDEX IF NOT EXISTS "django_cron_cronjoblog_end_time_7918602a" ON "django_cron_cronjoblog" ("end_time");
CREATE INDEX IF NOT EXISTS "django_cron_cronjoblog_ran_at_time_7fed2751" ON "django_cron_cronjoblog" ("ran_at_time");
CREATE INDEX IF NOT EXISTS "django_cron_cronjoblog_code_start_time_ran_at_time_8b50b8fa_idx" ON "django_cron_cronjoblog" ("code", "start_time", "ran_at_time");
CREATE INDEX IF NOT EXISTS "django_cron_cronjoblog_code_is_success_ran_at_time_84da9606_idx" ON "django_cron_cronjoblog" ("code", "is_success", "ran_at_time");
CREATE INDEX IF NOT EXISTS "django_cron_cronjoblog_code_start_time_4fc78f9d_idx" ON "django_cron_cronjoblog" ("code", "start_time");
CREATE INDEX IF NOT EXISTS "developer_experience_developer_id_a7a9a055" ON "developer_experience" ("developer_id");
